http://superdiscountshop.com,1.0
http://thebody.com,1.299999999921638
http://cyh.com,1.4000000202398608
http://hoax-slayer.com,1.2000000000000002
http://bestfreewaredownload.com,1.1111111111111112
http://6t9u.com,3.8888888996195394
http://figator.com,1.0000000027953446
http://anything-asian.net,1.7836451343168847
http://articlesandauthors.com,1.0
http://wimp.com,1.0
http://devilsworkshop.org,1.0000000027953448
http://Autotrader.com,1.0000000027953448
http://aresearchguide.com,1.0
http://baitbus.com,3.6000006356348675
http://circumstitions.com,1.4999999799447608
http://activeboard.com,1.1135900793668585
http://e-bookreaders.biz,1.0000000031059386
http://Elle.com,1.4
http://bumpshack.com/2007/11/18/paris-hilton-naked-bath-time-sex-tape/,3.14177295884541
http://freakgals.com,4.00000001118138
http://clubedosvideos.com,3.999999993136972
http://enigmagroup.org,1.0000000000040086
http://Ellegirl.com,1.0
http://dyandrajogja.blogspot.com/2009/06/american-glamour-model-carmen-electra.html,1.8
http://bumpshack.com/2008/12/02/jessica-alba-too-sexy-for-campari-calendar/jessica-alba-2009-campari-calendar-4/,1.6000000000000003
http://corfield.org,1.0
http://e-patternscentral.com,0.9999999982311905
http://drunkenmature.com,3.9999999968998954
http://blaxa.com,1.0000000027954399
http://love-scent.com,1.0
http://4-panama-city-beach-condo.com/index.htm,1.0
http://bumpshack.com/2008/04/30/rob-lowe-faces-charges-from-second-nanny/rob-lowe-sex-tape/,2.4686940937971245
http://azureuswiki.com,1.1000000000000005
http://sacred-texts.com,0.9999999999956024
http://finest4.com,1.3407702518871234
http://cellstores.com,1.0
http://articlegold.com,1.3999999999999988
http://dhaka69.blogspot.com,2.9000000665630923
http://adultdvdemart.com,3.684622309878523
http://amateur18s.adultbouncer.com/,4.000000011181728
http://alphawomen.com,1.5000000289623392
http://accurint.com,1.59999955089221
http://buystockdesign.com,1.0999999997490613
http://czabe.com,1.7777778302098883
http://freeadposting.com,1.1111111111111203
http://Apartmentguide.com,1.0000000000179308
http://bearshare.com,1.0504532501334582
http://backseatcuddler.com/2008/06/29/new-miley-cyrus-pictures-not-naked-but-still-sexy/,1.7777773702196988
http://fhm.co.za,2.0000000433338245
http://adc.gsfc.nasa.gov/,1.0
http://Apartments.com,1.0000000000179308
http://beextraordinaryquiz.com,1.0
http://bestwestern.com,1.0000000000000087
http://backseatcuddler.com/2008/01/05/adriana-lima-latest-sex-tape-scandal/adriana-lima-sex-tape/,2.3000000000874232
http://flodeo.com,1.4
http://eswarm.com,1.3333334748956047
http://andhrapradesh.com,1.0000000031059384
http://aetna.com,1.0
http://bustygalleries.com,3.9000000000000243
http://cuckold-chastity-belt-stories.com/slut-wife-stories-3/,3.3333333872553492
http://backseatcuddler.com/2008/01/22/dita-von-teeses-sexy-spanish-playboy-photos/dita-von-teese-playboy-5/,2.8999999273623986
http://downloadsonline.org,1.1111111111111056
http://adult-porn-sites.net/shemale-comics/,3.684622309878523
http://dunlapdesigngroup.com/,0.999999998284243
http://filecabi.net,2.5555554426666562
http://bumpshack.com/2008/12/02/jessica-alba-too-sexy-for-campari-calendar/jessica-alba-2009-campari-calendar-12/,1.7999995976356318
http://buddypic.com/users/sexymisscris,1.699999574263892
http://butasforme.com,1.3999995041486792
http://aarpmagazine.org,1.0000000031059388
http://stason.org,1.0
http://dcist.com,1.300000014009803
http://comodo.com,1.0000000031059386
http://Classmates.com,1.0000000000000004
http://backseatcuddler.com/2008/03/20/lindsay-lohan-sex-tape/lindsay-lohan-2/,2.3000000002823304
http://CarandDriver.com,0.9999999982842432
http://Beatlesarama.com,1.0000000027953448
http://celebricious.com,1.1111111144824046
http://4d.com,1.222222222222222
http://fishpetsuppliesnow.com,1.0000000000000004
http://etouches.com,1.0000000265014661
http://ebizac.com,1.1111111092378307
http://backseatcuddler.com/2008/07/13/sex-and-the-city-sequel-in-the-works/,2.1111109462850544
http://churchpixel.com,1.0
http://femmerotic.com/,2.300000110595265
http://trojancondoms.com,1.0
http://Earthlink.net,1.0
http://backseatcuddler.com/2008/11/16/2008-victorias-secret-fashion-show-rocks-%e2%80%93-sexy-angels%e2%80%99-photos/full_victorias_secret_show_02_wenn2175462/,1.999999644378994
http://freeadvertisingblog.com,1.1111111111111203
http://czechboys.com,4.000000011181728
http://clixa.com,1.0
http://businesswire.com,1.0000000000000004
http://familyhealthavenue.com,1.5000000206874384
http://drowtales.com,1.2999999999995988
http://loverslane.com,2.515431707434912
http://brooklineacademy.com/,1.1
http://DiaperSwappers.com,1.0000000027953448
http://backseatcuddler.com/2008/11/16/2008-victorias-secret-fashion-show-rocks-%e2%80%93-sexy-angels%e2%80%99-photos/,1.999999644378994
http://bumpshack.com/2008/12/02/jessica-alba-too-sexy-for-campari-calendar/jessica-alba-2009-campari-calendar-5/,2.0
http://bumpshack.com/2008/11/19/sexy-kristen-johnston-nude-for-peta/,2.2222220703804547
http://justanswer.com,1.0
http://animea.net,1.5999995508921543
http://destinationcamera.com,1.3333333465657335
http://coedmagazine.com/,2.333333333333333
http://boylover.net,2.5999999461524084
http://bumpshack.com/2007/04/12/olivia-mojicas-sex-tape-smoking-hot-sex/,3.0344945751208305
http://4neurons.com,1.0
http://clickarrows.com/go/to.php?id=clicksor,1.0000000000000004
http://backseatcuddler.com/2008/01/13/tiffany-new-york-pollard-has-a-sex-tape/,2.8999999273623986
http://adonomics.com,1.157894734330846
http://cialis.com,1.3333333074450864
http://btjunkie.org/torrent/sebastian-tellier-sexuality-2008/395234d29c5d451952573a1cab82ef647915ac901b83,2.333333333333334
http://1pixelout.net,1.2999999999999998
http://popsz.com,1.1
http://blacklistednews.com,1.0000000000000087
http://elegant-offices.com,1.0000000000000875
http://usa.com,1.0
http://luckymojo.com,1.000000000148678
http://eToys.com,1.2999994807769402
http://ebookee.com,1.0000000031059386
http://explorestlouis.com,1.4000000151792629
http://forum.anothersite.co.uk/nsfw-amateur-pics/251721-ass-jeans-meaty-pussy-lovers-tgp.html,3.600000000037557
http://drfouly.com,1.943698242074709
http://directoryfort.com,1.1111111111111112
http://backseatcuddler.com/2008/01/22/dita-von-teeses-sexy-spanish-playboy-photos/,2.9999999390482586
http://elearn.mtsac.edu/biology/wildlife/,1.0000000000000875
http://utahgab.net,1.0
http://betinternet.com,1.2999999999999998
http://f1network.net,1.0
http://spanx.com,1.3073855259296971
http://analogx.com,1.4531050522461624
http://downarchive.com,1.0000000031059386
http://youngwomenshealth.org,1.5
http://kamashastra.com,1.7777777777777657
http://bumpshack.com/2007/02/08/kim-kardishians-lie-about-her-sex-tape/,3.1417729588454137
http://apprupt.com,1.0
http://bumpshack.com/2008/11/21/the-10-sexiest-vampires-of-all-time/,1.6666662331399906
http://allbetsareoff.com,1.1249680613872364
http://asiatos.com,3.4597641527796963
http://centuryhouse.net,1.0
http://Cooking.com,1.0000000233955264
http://Break.com,1.516164331489395
http://3x-pix.com,3.8
http://forum.anothersite.co.uk/nsfw-amateur-pics/256358-sex-massage-couch-tgp.html,3.6666666709051707
http://9dir.com,0.9999999967691652
http://craveonline.com,1.7777778145388208
http://bumpshack.com/2008/05/08/jayde-nicole-is-the-2008-playmate-of-the-year/jayde-nicole-sexy-playmate-of-the-year/,2.2499361077690154
http://cybersexnetwork3.com/barely18blondes/,3.777777786331579
http://free-amateur-photo.com/old/afree2/index.html,3.5999999999999996
http://cmdn.com,1.0
http://adameve.com,3.0344946109872257
http://bumpshack.com/2007/11/28/luciana-salazar-latest-celeb-sex-tape-scandal/,3.2539868927297997
http://blogtv.com,1.5708864934028397
http://candyskye.com,3.888888888888889
http://bat5.com,2.75
http://redtagdeals.com,1.0
http://ablelinks.com,1.0
http://bumpshack.com/2007/01/18/kim-kardashian-caught-lying-about-sex-tape/,1.6999995742638925
http://canep.com,1.0
http://dailyme.com,1.1
http://add2dir.info,1.0
http://druglibrary.org,1.2631578946424795
http://bumpshack.com/2007/02/07/kim-kardashian-sex-tape-to-be-released/,3.2490513425699956
http://epigee.org,1.388020070157042
http://ancestorsites.com,1.0000000031059384
http://articlemajoris.com,1.0
http://backseatcuddler.com/2008/12/02/super-sexy-flirting-w-forty/,1.8
http://Flightstats.com,1.0
http://backseatcuddler.com/2008/01/05/adriana-lima-latest-sex-tape-scandal/,2.3000000000874232
http://dogbreedinfo.com,1.0
http://fightersonlymagazine.co.uk,1.1111111178513653
http://dofol.com,1.0
http://babyboomerlifeboat.com,1.0
http://bumpshack.com/2008/01/24/kristy-lee-cook-american-idol-sex-scandal/kristy-lee-cook-sex-scandal-2/,3.14177295884541
http://firstresponse.com,1.300000014009803
http://cashbreak.com,1.0000000027954323
http://concordmonitor.com,1.000000011148507
http://bajajuae.com,1.0000000028030984
http://free-amateur-photo.com/a/uke7/a1/index.html,3.3333333333333948
http://cluboo.com,1.0
http://egyptianclicks.com,1.0
http://chinwag.co.uk,1.1999999999991853
http://bottomlineblack.com/,1.0000000027953448
http://acehardwaresuperstore.com,1.0000000011934467
http://army.mod.uk,1.0000000031059386
http://doomworld.com,1.5000000000002829
http://christiannewswire.com,1.0
http://eslcafe.com,1.0000000265014661
http://6lyrics.com,1.100000005702797
http://limewire.com,0.9999999999951065
http://CelebSlam.com,2.111110783509371
http://0800-horoscope.com,1.1052631578947367
http://backseatcuddler.com/2008/03/20/lindsay-lohan-sex-tape/,2.6000000001060948
http://backseatcuddler.com/2008/11/16/2008-victorias-secret-fashion-show-rocks-%e2%80%93-sexy-angels%e2%80%99-photos/full_victorias_secret_show_07_wenn2175461/,1.999999644378994
http://fhi.org,1.100000005702797
http://18games.net,3.499999994943936
http://ar.geocities.com/hentsen/index.html,3.8829051051149217
http://forum.anothersite.co.uk/nsfw-2-0-videos/256328-red-milf-sons-friend-kitchen.html,3.200000000382557
http://bumpshack.com/2008/01/08/sharron-kay-hrozek-latest-teacher-student-sex-scandal/,2.649064375886997
http://AllHiphop.com,1.4444444444444444
http://bfgtech.com,1.1
http://cubeecraft.com,1.1999999344665504
http://raysahelian.com,1.0000000001288316
http://backseatcuddler.com/2007/04/09/lauren-conrad-and-jason-wahler-sex-tape/,2.200000000065088
http://dyers.org,1.0
http://canadiancontent.net,1.0
http://btjunkie.org/torrent/hbo-real-sex-31/4495bf0ffc6f704bcc78514def55a86a20731367c35e,2.5737069351189827
http://DrudgeReport.com,1.3999999999998045
http://filedonkey.com,1.0000000031059386
http://buddypic.com/users/xsexishortyx,1.699999574263892
http://forum.anothersite.co.uk/nsfw-amateur-clips/256727-ex-girlfriend-sextape.html,3.4000000009744715
http://foxmonkey.tripod.com/index.html,1.3333328219008662
http://1stpussy.com/005/16/index.html,4.000000000000031
http://ecommerce-pitstop.com,1.0000000031059386
http://esgsite.com,1.0
http://bonuswhores.com,1.4999999999999998
http://backseatcuddler.com/2008/03/04/victoria-pratt-sci-fis-sexy-pin-up/,2.699999807981273
http://whiotv.com,1.0
http://cdrking.com,1.0
http://backseatcuddler.com/2008/04/15/marilyn-monroe-sex-tape-sells-for-15-million-photos/,2.333333055618239
http://spring.org.uk,1.0000000001030651
http://falonofthetower.com,1.2000000000000002
http://backseatcuddler.com/2008/03/20/lindsay-lohan-sex-tape/lindsay-lohan-sex-tape/,2.7000000005452502
http://advogato.org,1.1000000057946038
http://adultswim.co.uk,2.0000000501010833
http://boobdex.com,3.6842105263157894
http://proz.com,1.0
http://backseatcuddler.com/2008/10/05/megan-fox-is-the-sexiest-fakest-woman-in-the-world/megan-fox-fake/,1.6999995742636758
http://FactMonster.com,1.1
http://avert.org,1.3684210395310084
http://binglee.com.au,1.2999995717879338
http://directoryseolist.com,1.0
http://backseatcuddler.com/2007/09/08/vanessa-hudgens-sexy-naughty-and-nude/,2.2222222223095134
http://box.net,1.0555555579636577
http://BoatingMag.com,1.0000000000000004
http://en.wikipedia.org/wiki/Springhare,1.000000001193447
http://bjsbrewhouse.com,1.0
http://feelphones.com,1.0000000027953448
http://kotex.com,1.0
http://forta.com,1.3333333465657335
http://birdmovies.com,4.00000009560626
http://corrientelatina.com,1.0
http://bumpshack.com/2008/10/22/will-smith-seeks-scientology-to-cure-his-homosexuality/,1.8888885072994068
http://asandboxgreeting.com,1.0000000031059386
http://991.com,1.0
http://cse.lk,1.000000000100492
http://crazyblob.com,1.5555555759497381
http://lasenza.com,1.6500000000000001
http://dealvalues.com,0.9999999980937556
http://cubaclubcasino.com,1.3563297607925122
http://CarDomain.com,0.999999998284243
http://xboxscene.com,1.0
http://citywire.co.uk,1.0000000027953448
http://howardmovies.com,3.4000000000000004
http://foxmarks.com,1.3749994983057694
http://poopreport.com,1.0
http://casaindigo.net,1.0000000027954323
http://justguys.net,1.636392867267347
http://blurst.com,1.0999999999979537
http://bellacor.com,1.0
http://breakss.com,0.999999998284243
http://cyber-spy.com,1.333333350976178
http://4whw.8m.net/,4.0
http://divx-digest.com,1.0000000000000004
http://bumpshack.com/2008/07/11/pamela-rogers-myspace-sex-strip-tease-video/pamela-rogers-mug-shot/,1.6666666666666665
http://bestshowticketslasvegas.com,1.0000000000000087
http://bumpshack.com/2008/12/02/jessica-alba-too-sexy-for-campari-calendar/,1.8999996210073697
http://bumpshack.com/2007/11/18/paris-hilton-naked-bath-time-sex-tape/paris-hilton-sex-tape-3/,3.2539868927297997
http://blockdirectory.com,1.0000000031060443
http://avonarticles.com,1.2000000000000002
http://affiliateguide.com,1.0
http://classicpornstars.com/Brooke_West/,3.1000000000000005
http://meetup.com,0.9999999999977002
http://coolbuddy.smartvideochannel.com,3.0000012223315555
http://crosscards.com,1.105263157894737
http://crackwhoreconfessions.com,3.555556180868286
http://79.170.40.167/micromin.net/downloads/index.php?=&=http://nickscipio.com/pod/2008/11/08_helicoptersex.html,1.4999995275204638
http://bitscreens.com,3.2500023711221053
http://bestseoservices.com,1.0000000000000087
http://AsianAve.com,1.7999982284803178
http://cinemageddon.org,1.3749995605555327
http://backseatcuddler.com/2008/11/16/2008-victorias-secret-fashion-show-rocks-%e2%80%93-sexy-angels%e2%80%99-photos/full_victorias_secret_show_08_wenn2175497/,1.4
http://dafriend.com,3.4166666666666665
http://backseatcuddler.com/2008/09/16/megan-fox-reveals-bisexual-past-current-girl-crushes/,1.999999644379138
http://headbands.com,0.9999999999227461
http://arcspace.com,1.0
http://liberator.com,1.514052925132654
http://freeadlists.com,1.067029486726135
http://a2phone.com,1.000000000000002
http://couchsurfing.org,1.0000000031059388
http://yousendit.com,0.9999999999956024
http://free.all-free-naked-gay-men-cock-penis-boys-xxx-porn-pics.com/Gilberts_Hardcore_Gay_Men/,4.00000001118138
http://leadingedgecash.com,1.3333333333333333
http://aquatapes.com,4.00000000532767
http://autumntree.info,1.0000000027953448
http://cashcraft.com,1.111111117851365
http://bumpshack.com/2008/12/02/jessica-alba-too-sexy-for-campari-calendar/jessica-alba-2009-campari-calendar-10/,1.7999995976356318
http://bumpshack.com/2008/12/01/milf-sexy-pose-britney-spears-vs-tina-fey/,1.6249995567351108
http://CareerBuilder.com,0.999999998284243
http://dinneronadollar.com,1.0
http://buddypic.com/top.php?sex=f&page=6,2.000000000059769
http://backseatcuddler.com/2008/03/13/miley-cyrus-bff-mandy-jiroux-has-sexy-myspace-pictures/mandy-jiroux-2/,2.200000000206564
http://babepedia.com,3.3000000000000003
http://askganesha.com,1.0
http://betonline.com,1.2999999999999998
http://dada.net,1.0
http://AOL.com,1.0000000000179308
http://capetown-direct.com,0.9999999982842432
http://1porno.com/004/teens/index.html,4.000000000000031
http://backseatcuddler.com/2008/08/23/vanessa-hudgens%e2%80%99-sexy-naughty-photo-shoot%e2%80%a6/,2.4444443185712554
http://apolloguide.com/mov_revtemp.asp?cid=950,1.6
http://affiliatemarketingreviewer.com,1.0
http://forwolves.org/ralph/,1.3333328219008662
http://alpha-cow.com/sites/amateur/julia/,3.75
http://bsa90.tripod.com/,1.0000000035569883
http://parenting.com,1.1111111111111112
http://badlefthook.com,1.4
http://feedbase.net,1.111111117851365
http://bumpshack.com/2008/03/20/lindsay-lohan-sex-tape-a-fake/,2.4686940937971245
