http://0800-horoscope.com	1
http://4whw.8m.net/	4
http://AsianAve.com	2
http://Beatlesarama.com	1
http://CarDomain.com	1
http://CelebSlam.com	3
http://Ellegirl.com	1
http://a2phone.com	1
http://add2dir.info	1
http://adult-porn-sites.net/shemale-comics/	4
http://advogato.org	1
http://apolloguide.com/mov_revtemp.asp?cid=950	1
http://arcspace.com	1
http://aresearchguide.com	1
http://backseatcuddler.com/2008/01/22/dita-von-teeses-sexy-spanish-playboy-photos/dita-von-teese-playboy-5/	2
http://backseatcuddler.com/2008/03/20/lindsay-lohan-sex-tape/lindsay-lohan-2/	2
http://backseatcuddler.com/2008/03/20/lindsay-lohan-sex-tape/lindsay-lohan-sex-tape/	3
http://backseatcuddler.com/2008/11/16/2008-victorias-secret-fashion-show-rocks-%e2%80%93-sexy-angels%e2%80%99-photos/full_victorias_secret_show_02_wenn2175462/	3
http://backseatcuddler.com/2008/11/16/2008-victorias-secret-fashion-show-rocks-%e2%80%93-sexy-angels%e2%80%99-photos/full_victorias_secret_show_08_wenn2175497/	2
http://binglee.com.au	1
http://bitscreens.com	3
http://blurst.com	2
http://boylover.net	4
http://btjunkie.org/torrent/sebastian-tellier-sexuality-2008/395234d29c5d451952573a1cab82ef647915ac901b83	1
http://bumpshack.com/2008/01/08/sharron-kay-hrozek-latest-teacher-student-sex-scandal/	1
http://bumpshack.com/2008/01/24/kristy-lee-cook-american-idol-sex-scandal/kristy-lee-cook-sex-scandal-2/	3
http://bumpshack.com/2008/03/20/lindsay-lohan-sex-tape-a-fake/	1
http://bumpshack.com/2008/11/21/the-10-sexiest-vampires-of-all-time/	3
http://bumpshack.com/2008/12/02/jessica-alba-too-sexy-for-campari-calendar/	2
http://bumpshack.com/2008/12/02/jessica-alba-too-sexy-for-campari-calendar/jessica-alba-2009-campari-calendar-12/	2
http://businesswire.com	1
http://buystockdesign.com	1
http://citywire.co.uk	2
http://cluboo.com	1
http://coedmagazine.com/	2
http://coolbuddy.smartvideochannel.com	3
http://crackwhoreconfessions.com	4
http://cse.lk	1
http://cuckold-chastity-belt-stories.com/slut-wife-stories-3/	4
http://cyber-spy.com	1
http://cybersexnetwork3.com/barely18blondes/	4
http://dailyme.com	1
http://dcist.com	1
http://destinationcamera.com	1
http://devilsworkshop.org	1
http://dofol.com	1
http://downarchive.com	1
http://dyers.org	2
http://ebizac.com	1
http://en.wikipedia.org/wiki/Springhare	1
http://eswarm.com	1
http://f1network.net	1
http://feelphones.com	1
http://figator.com	1
http://fightersonlymagazine.co.uk	1
http://filedonkey.com	1
http://firstresponse.com	2
http://fishpetsuppliesnow.com	1
http://forum.anothersite.co.uk/nsfw-2-0-videos/256328-red-milf-sons-friend-kitchen.html	4
http://justanswer.com	1
http://lasenza.com	1
http://loverslane.com	3
http://popsz.com	1
http://redtagdeals.com	1
