http://superdiscountshop.com,0
http://thebody.com,1
http://cyh.com,0
http://hoax-slayer.com,1
http://bestfreewaredownload.com,0
http://6t9u.com,0
http://figator.com,0
http://anything-asian.net,0
http://articlesandauthors.com,1
http://wimp.com,0
http://devilsworkshop.org,0
http://Autotrader.com,0
http://aresearchguide.com,0
http://baitbus.com,0
http://circumstitions.com,1
http://activeboard.com,0
http://e-bookreaders.biz,0
http://Elle.com,1
http://bumpshack.com/2007/11/18/paris-hilton-naked-bath-time-sex-tape/,0
http://freakgals.com,0
http://clubedosvideos.com,0
http://enigmagroup.org,1
http://Ellegirl.com,0
http://dyandrajogja.blogspot.com/2009/06/american-glamour-model-carmen-electra.html,0
http://bumpshack.com/2008/12/02/jessica-alba-too-sexy-for-campari-calendar/jessica-alba-2009-campari-calendar-4/,1
http://corfield.org,0
http://e-patternscentral.com,0
http://drunkenmature.com,0
http://blaxa.com,0
http://love-scent.com,2
http://4-panama-city-beach-condo.com/index.htm,0
http://bumpshack.com/2008/04/30/rob-lowe-faces-charges-from-second-nanny/rob-lowe-sex-tape/,1
http://azureuswiki.com,0
http://sacred-texts.com,0
http://finest4.com,0
http://cellstores.com,0
http://articlegold.com,0
http://dhaka69.blogspot.com,1
http://adultdvdemart.com,0
http://amateur18s.adultbouncer.com/,0
http://alphawomen.com,0
http://accurint.com,0
http://buystockdesign.com,0
http://czabe.com,1
http://freeadposting.com,0
http://Apartmentguide.com,0
http://bearshare.com,0
http://backseatcuddler.com/2008/06/29/new-miley-cyrus-pictures-not-naked-but-still-sexy/,0
http://fhm.co.za,2
http://adc.gsfc.nasa.gov/,0
http://Apartments.com,0
http://beextraordinaryquiz.com,0
http://bestwestern.com,0
http://backseatcuddler.com/2008/01/05/adriana-lima-latest-sex-tape-scandal/adriana-lima-sex-tape/,1
http://flodeo.com,1
http://eswarm.com,0
http://andhrapradesh.com,0
http://aetna.com,0
http://bustygalleries.com,0
http://cuckold-chastity-belt-stories.com/slut-wife-stories-3/,1
http://backseatcuddler.com/2008/01/22/dita-von-teeses-sexy-spanish-playboy-photos/dita-von-teese-playboy-5/,1
http://downloadsonline.org,2
http://adult-porn-sites.net/shemale-comics/,0
http://dunlapdesigngroup.com/,0
http://filecabi.net,1
http://bumpshack.com/2008/12/02/jessica-alba-too-sexy-for-campari-calendar/jessica-alba-2009-campari-calendar-12/,0
http://buddypic.com/users/sexymisscris,0
http://butasforme.com,0
http://aarpmagazine.org,0
http://stason.org,0
http://dcist.com,0
http://comodo.com,0
http://Classmates.com,0
http://backseatcuddler.com/2008/03/20/lindsay-lohan-sex-tape/lindsay-lohan-2/,0
http://CarandDriver.com,0
http://Beatlesarama.com,0
http://celebricious.com,1
http://4d.com,0
http://fishpetsuppliesnow.com,0
http://etouches.com,0
http://ebizac.com,0
http://backseatcuddler.com/2008/07/13/sex-and-the-city-sequel-in-the-works/,0
http://churchpixel.com,0
http://femmerotic.com/,2
http://trojancondoms.com,1
http://Earthlink.net,0
http://backseatcuddler.com/2008/11/16/2008-victorias-secret-fashion-show-rocks-%e2%80%93-sexy-angels%e2%80%99-photos/full_victorias_secret_show_02_wenn2175462/,1
http://freeadvertisingblog.com,0
http://czechboys.com,0
http://clixa.com,0
http://businesswire.com,0
http://familyhealthavenue.com,1
http://drowtales.com,0
http://loverslane.com,0
http://brooklineacademy.com/,0
http://DiaperSwappers.com,0
http://backseatcuddler.com/2008/11/16/2008-victorias-secret-fashion-show-rocks-%e2%80%93-sexy-angels%e2%80%99-photos/,1
http://bumpshack.com/2008/12/02/jessica-alba-too-sexy-for-campari-calendar/jessica-alba-2009-campari-calendar-5/,0
http://bumpshack.com/2008/11/19/sexy-kristen-johnston-nude-for-peta/,1
http://justanswer.com,0
http://animea.net,1
http://destinationcamera.com,0
http://coedmagazine.com/,0
http://boylover.net,1
http://bumpshack.com/2007/04/12/olivia-mojicas-sex-tape-smoking-hot-sex/,0
http://4neurons.com,0
http://clickarrows.com/go/to.php?id=clicksor,0
http://backseatcuddler.com/2008/01/13/tiffany-new-york-pollard-has-a-sex-tape/,0
http://adonomics.com,0
http://cialis.com,1
http://btjunkie.org/torrent/sebastian-tellier-sexuality-2008/395234d29c5d451952573a1cab82ef647915ac901b83,1
http://1pixelout.net,0
http://popsz.com,0
http://blacklistednews.com,0
http://elegant-offices.com,0
http://usa.com,0
http://luckymojo.com,0
http://eToys.com,0
http://ebookee.com,0
http://explorestlouis.com,0
http://forum.anothersite.co.uk/nsfw-amateur-pics/251721-ass-jeans-meaty-pussy-lovers-tgp.html,0
http://drfouly.com,1
http://directoryfort.com,0
http://backseatcuddler.com/2008/01/22/dita-von-teeses-sexy-spanish-playboy-photos/,0
http://elearn.mtsac.edu/biology/wildlife/,0
http://utahgab.net,0
http://betinternet.com,0
http://f1network.net,0
http://spanx.com,1
http://analogx.com,0
http://downarchive.com,0
http://youngwomenshealth.org,1
http://kamashastra.com,1
http://bumpshack.com/2007/02/08/kim-kardishians-lie-about-her-sex-tape/,1
http://apprupt.com,0
http://bumpshack.com/2008/11/21/the-10-sexiest-vampires-of-all-time/,1
http://allbetsareoff.com,0
http://asiatos.com,1
http://centuryhouse.net,0
http://Cooking.com,0
http://Break.com,1
http://3x-pix.com,0
http://forum.anothersite.co.uk/nsfw-amateur-pics/256358-sex-massage-couch-tgp.html,0
http://9dir.com,0
http://craveonline.com,0
http://bumpshack.com/2008/05/08/jayde-nicole-is-the-2008-playmate-of-the-year/jayde-nicole-sexy-playmate-of-the-year/,1
http://cybersexnetwork3.com/barely18blondes/,0
http://free-amateur-photo.com/old/afree2/index.html,0
http://cmdn.com,0
http://adameve.com,1
http://bumpshack.com/2007/11/28/luciana-salazar-latest-celeb-sex-tape-scandal/,1
http://blogtv.com,0
http://candyskye.com,0
http://bat5.com,1
http://redtagdeals.com,0
http://ablelinks.com,0
http://bumpshack.com/2007/01/18/kim-kardashian-caught-lying-about-sex-tape/,1
http://canep.com,0
http://dailyme.com,0
http://add2dir.info,0
http://druglibrary.org,0
http://bumpshack.com/2007/02/07/kim-kardashian-sex-tape-to-be-released/,0
http://epigee.org,1
http://ancestorsites.com,0
http://articlemajoris.com,0
http://backseatcuddler.com/2008/12/02/super-sexy-flirting-w-forty/,0
http://Flightstats.com,0
http://backseatcuddler.com/2008/01/05/adriana-lima-latest-sex-tape-scandal/,0
http://dogbreedinfo.com,0
http://fightersonlymagazine.co.uk,0
http://dofol.com,0
http://babyboomerlifeboat.com,0
http://bumpshack.com/2008/01/24/kristy-lee-cook-american-idol-sex-scandal/kristy-lee-cook-sex-scandal-2/,0
http://firstresponse.com,1
http://cashbreak.com,0
http://concordmonitor.com,0
http://bajajuae.com,0
http://free-amateur-photo.com/a/uke7/a1/index.html,1
http://cluboo.com,0
http://egyptianclicks.com,0
http://chinwag.co.uk,0
http://bottomlineblack.com/,1
http://acehardwaresuperstore.com,0
http://army.mod.uk,0
http://doomworld.com,1
http://christiannewswire.com,0
http://eslcafe.com,0
http://6lyrics.com,0
http://limewire.com,0
http://CelebSlam.com,1
http://0800-horoscope.com,0
http://backseatcuddler.com/2008/03/20/lindsay-lohan-sex-tape/,1
http://backseatcuddler.com/2008/11/16/2008-victorias-secret-fashion-show-rocks-%e2%80%93-sexy-angels%e2%80%99-photos/full_victorias_secret_show_07_wenn2175461/,0
http://fhi.org,0
http://18games.net,1
http://ar.geocities.com/hentsen/index.html,0
http://forum.anothersite.co.uk/nsfw-2-0-videos/256328-red-milf-sons-friend-kitchen.html,1
http://bumpshack.com/2008/01/08/sharron-kay-hrozek-latest-teacher-student-sex-scandal/,2
http://AllHiphop.com,0
http://bfgtech.com,0
http://cubeecraft.com,0
http://raysahelian.com,0
http://backseatcuddler.com/2007/04/09/lauren-conrad-and-jason-wahler-sex-tape/,1
http://dyers.org,1
http://canadiancontent.net,0
http://btjunkie.org/torrent/hbo-real-sex-31/4495bf0ffc6f704bcc78514def55a86a20731367c35e,0
http://DrudgeReport.com,1
http://filedonkey.com,0
http://buddypic.com/users/xsexishortyx,0
http://forum.anothersite.co.uk/nsfw-amateur-clips/256727-ex-girlfriend-sextape.html,1
http://foxmonkey.tripod.com/index.html,0
http://1stpussy.com/005/16/index.html,0
http://ecommerce-pitstop.com,0
http://esgsite.com,0
http://bonuswhores.com,1
http://backseatcuddler.com/2008/03/04/victoria-pratt-sci-fis-sexy-pin-up/,1
http://whiotv.com,0
http://cdrking.com,0
http://backseatcuddler.com/2008/04/15/marilyn-monroe-sex-tape-sells-for-15-million-photos/,0
http://spring.org.uk,1
http://falonofthetower.com,0
http://backseatcuddler.com/2008/03/20/lindsay-lohan-sex-tape/lindsay-lohan-sex-tape/,0
http://advogato.org,0
http://adultswim.co.uk,0
http://boobdex.com,0
http://proz.com,0
http://backseatcuddler.com/2008/10/05/megan-fox-is-the-sexiest-fakest-woman-in-the-world/megan-fox-fake/,0
http://FactMonster.com,0
http://avert.org,1
http://binglee.com.au,0
http://directoryseolist.com,0
http://backseatcuddler.com/2007/09/08/vanessa-hudgens-sexy-naughty-and-nude/,0
http://box.net,0
http://BoatingMag.com,0
http://en.wikipedia.org/wiki/Springhare,0
http://bjsbrewhouse.com,0
http://feelphones.com,0
http://kotex.com,1
http://forta.com,0
http://birdmovies.com,0
http://corrientelatina.com,0
http://bumpshack.com/2008/10/22/will-smith-seeks-scientology-to-cure-his-homosexuality/,1
http://asandboxgreeting.com,0
http://991.com,0
http://cse.lk,0
http://crazyblob.com,0
http://lasenza.com,1
http://dealvalues.com,0
http://cubaclubcasino.com,0
http://CarDomain.com,0
http://xboxscene.com,0
http://citywire.co.uk,1
http://howardmovies.com,1
http://foxmarks.com,0
http://poopreport.com,0
http://casaindigo.net,0
http://justguys.net,1
http://blurst.com,1
http://bellacor.com,0
http://breakss.com,0
http://cyber-spy.com,0
http://4whw.8m.net/,0
http://divx-digest.com,0
http://bumpshack.com/2008/07/11/pamela-rogers-myspace-sex-strip-tease-video/pamela-rogers-mug-shot/,1
http://bestshowticketslasvegas.com,0
http://bumpshack.com/2008/12/02/jessica-alba-too-sexy-for-campari-calendar/,0
http://bumpshack.com/2007/11/18/paris-hilton-naked-bath-time-sex-tape/paris-hilton-sex-tape-3/,0
http://blockdirectory.com,0
http://avonarticles.com,0
http://affiliateguide.com,0
http://classicpornstars.com/Brooke_West/,1
http://meetup.com,1
http://coolbuddy.smartvideochannel.com,0
http://crosscards.com,0
http://crackwhoreconfessions.com,0
http://79.170.40.167/micromin.net/downloads/index.php?=&=http://nickscipio.com/pod/2008/11/08_helicoptersex.html,0
http://bitscreens.com,0
http://bestseoservices.com,0
http://AsianAve.com,0
http://cinemageddon.org,2
http://backseatcuddler.com/2008/11/16/2008-victorias-secret-fashion-show-rocks-%e2%80%93-sexy-angels%e2%80%99-photos/full_victorias_secret_show_08_wenn2175497/,1
http://dafriend.com,1
http://backseatcuddler.com/2008/09/16/megan-fox-reveals-bisexual-past-current-girl-crushes/,0
http://headbands.com,1
http://arcspace.com,0
http://liberator.com,2
http://freeadlists.com,0
http://a2phone.com,0
http://couchsurfing.org,0
http://yousendit.com,0
http://free.all-free-naked-gay-men-cock-penis-boys-xxx-porn-pics.com/Gilberts_Hardcore_Gay_Men/,0
http://leadingedgecash.com,1
http://aquatapes.com,0
http://autumntree.info,0
http://cashcraft.com,0
http://bumpshack.com/2008/12/02/jessica-alba-too-sexy-for-campari-calendar/jessica-alba-2009-campari-calendar-10/,1
http://bumpshack.com/2008/12/01/milf-sexy-pose-britney-spears-vs-tina-fey/,1
http://CareerBuilder.com,0
http://dinneronadollar.com,0
http://buddypic.com/top.php?sex=f&page=6,0
http://backseatcuddler.com/2008/03/13/miley-cyrus-bff-mandy-jiroux-has-sexy-myspace-pictures/mandy-jiroux-2/,1
http://babepedia.com,0
http://askganesha.com,0
http://betonline.com,0
http://dada.net,0
http://AOL.com,0
http://capetown-direct.com,0
http://1porno.com/004/teens/index.html,0
http://backseatcuddler.com/2008/08/23/vanessa-hudgens%e2%80%99-sexy-naughty-photo-shoot%e2%80%a6/,1
http://apolloguide.com/mov_revtemp.asp?cid=950,1
http://affiliatemarketingreviewer.com,0
http://forwolves.org/ralph/,0
http://alpha-cow.com/sites/amateur/julia/,0
http://bsa90.tripod.com/,0
http://parenting.com,0
http://badlefthook.com,0
http://feedbase.net,0
http://bumpshack.com/2008/03/20/lindsay-lohan-sex-tape-a-fake/,1
