Contributor#0(70.176.187.166)	AKRON, OHIO - 2000	209704.0
Contributor#2831561:OHWiki	AKRON, OHIO - 2000	217074.0
Contributor#5512121:CapitalBot	AKRON, OHIO - 2000	217074.0
Contributor#81676:Beirne	AKRON, OHIO - 2000	217074.0
Contributor#107782:Arkyan	ALBION, IDAHO - 2000	262.0
Contributor#4373711:ArkyBot	ALBION, IDAHO - 2000	203.0
Contributor#5512121:CapitalBot	ALBION, IDAHO - 2000	262.0
Contributor#0(134.139.221.65)	ALLEN, TEXAS - 2000	69891.0
Contributor#100156:Chfowler	ALLEN, TEXAS - 2000	43554.0
Contributor#180524:Scm83x	ALLEN, TEXAS - 2000	43554.0
Contributor#1722939:055203	ANAHEIM, CALIFORNIA - 2000	328014.0
Contributor#286968:Epolk	ANAHEIM, CALIFORNIA - 2000	342410.0
Contributor#0(12.216.93.178)	ANKENY, IOWA - 2000	36161.0
Contributor#240680:SportsMasterESPN	ANKENY, IOWA - 2000	27117.0
Contributor#0(76.192.50.229)	ANTIOCH, CALIFORNIA - 2000	130532.0
Contributor#1223837:Piercival	ANTIOCH, CALIFORNIA - 2000	100590.0
Contributor#355013:Geopgeop	ANTIOCH, CALIFORNIA - 2000	90532.0
Contributor#5512121:CapitalBot	ANTIOCH, CALIFORNIA - 2000	100590.0
Contributor#2670733:KnightofBAAWA	ARKADELPHIA, ARKANSAS - 2000	10912.0
Contributor#5434261:Thecoolestdudesever	ARKADELPHIA, ARKANSAS - 2000	12412.0
Contributor#5512121:CapitalBot	ARKADELPHIA, ARKANSAS - 2000	10912.0
Contributor#0(74.196.109.99)	ARP, TEXAS - 2000	1040.0
Contributor#5512121:CapitalBot	ARP, TEXAS - 2000	901.0
Contributor#0(74.92.59.253)	ASHBY, MASSACHUSETTS - 2000	250845.0
Contributor#28804:Ajd	ASHBY, MASSACHUSETTS - 2000	2845.0
Contributor#5512121:CapitalBot	ASHBY, MASSACHUSETTS - 2000	2845.0
Contributor#988917:CapitalR	ASHBY, MASSACHUSETTS - 2000	2845.0
Contributor#1025703:Onyourside	ATLANTA, GEORGIA - 2005	470688.0
Contributor#1804716:GGreeneVa	ATLANTA, GEORGIA - 2005	470688.0
Contributor#194622:Ryoung122	ATLANTA, GEORGIA - 2005	483108.0
Contributor#0(72.73.85.108)	AUGUSTA, MAINE - 2000	24260.0
Contributor#201610:Pentawing	AUGUSTA, MAINE - 2000	18560.0
Contributor#5512121:CapitalBot	AUGUSTA, MAINE - 2000	24260.0
Contributor#0(72.23.104.252)	AUSTINTOWN, OHIO - 2000	38001.0
Contributor#1960810:Nyttend	AUSTINTOWN, OHIO - 2000	31627.0
Contributor#5512121:CapitalBot	AUSTINTOWN, OHIO - 2000	31627.0
Contributor#1291979:Strongbad1982	BALTIMORE, MARYLAND - 2006	640961.0
Contributor#487916:Ajwebb	BALTIMORE, MARYLAND - 2006	631366.0
Contributor#5512121:CapitalBot	BALTIMORE, MARYLAND - 2006	640961.0
Contributor#0(75.46.65.4)	BARGERSVILLE, INDIANA - 2000	2890.0
Contributor#5512121:CapitalBot	BARGERSVILLE, INDIANA - 2000	2890.0
Contributor#620554:Harpchad	BARGERSVILLE, INDIANA - 2000	2120.0
Contributor#0(65.175.131.28)	BARNSTEAD, NEW HAMPSHIRE - 2000	3002.0
Contributor#16168:SatyrTN	BARNSTEAD, NEW HAMPSHIRE - 2000	3886.0
Contributor#5512121:CapitalBot	BARNSTEAD, NEW HAMPSHIRE - 2000	3886.0
Contributor#0(216.57.220.2)	BELLINGHAM, WASHINGTON - 2000	72992.0
Contributor#0(66.165.46.50)	BELLINGHAM, WASHINGTON - 2000	67172.0
Contributor#1096885:Mhmele	BELLINGHAM, WASHINGTON - 2000	67172.0
Contributor#151095:Dwiki	BELLINGHAM, WASHINGTON - 2000	67171.0
Contributor#77508:ChrisRuvolo	BELLINGHAM, WASHINGTON - 2000	67171.0
Contributor#5512121:CapitalBot	BERKELEY HEIGHTS, NEW JERSEY - 2000	39991.0
Contributor#859568:NcSchu	BERKELEY HEIGHTS, NEW JERSEY - 2000	13407.0
Contributor#0(207.69.137.24)	BERKELEY, CALIFORNIA - 2000	99653.0
Contributor#0(70.231.151.134)	BERKELEY, CALIFORNIA - 2000	102743.0
Contributor#0(71.141.229.224)	BERKELEY, CALIFORNIA - 2000	102743.0
Contributor#5512121:CapitalBot	BERKELEY, CALIFORNIA - 2000	102743.0
Contributor#5512121:CapitalBot	BERN, KANSAS - 2000	204.0
Contributor#5549999:Haverjacob	BERN, KANSAS - 2000	10104.0
Contributor#1943326:Ctjf83	BETTENDORF, IOWA - 2000	32142.0
Contributor#2106820:Mattinbgn	BETTENDORF, IOWA - 2000	32394.0
Contributor#28269:Iowahwyman	BETTENDORF, IOWA - 2000	31275.0
Contributor#5512121:CapitalBot	BETTENDORF, IOWA - 2000	32394.0
Contributor#0(149.76.162.121)	BEVERLY, MASSACHUSETTS - 2000	219245.0
Contributor#5512121:CapitalBot	BEVERLY, MASSACHUSETTS - 2000	39862.0
Contributor#681072:Jared	BEVERLY, MASSACHUSETTS - 2000	39862.0
Contributor#2918459:ElCartero	BIG STONE GAP, VIRGINIA - 2000	5906.0
Contributor#302756:Mbr7975	BIG STONE GAP, VIRGINIA - 2000	4856.0
Contributor#339240:Takeel	BIG STONE GAP, VIRGINIA - 2000	4856.0
Contributor#5512121:CapitalBot	BIG STONE GAP, VIRGINIA - 2000	4856.0
Contributor#0(69.145.73.214)	BILLINGS, MONTANA - 2000	96977.0
Contributor#919557:Jnk	BILLINGS, MONTANA - 2000	89847.0
Contributor#0(128.226.64.230)	BINGHAMTON, NEW YORK - 2000	47380.0
Contributor#0(128.230.154.202)	BINGHAMTON, NEW YORK - 2000	473803.0
Contributor#0(216.162.17.132)	BINGHAMTON, NEW YORK - 2000	473800.0
Contributor#0(69.205.237.213)	BINGHAMTON, NEW YORK - 2000	473800.0
Contributor#152060:Ccwaters	BINGHAMTON, NEW YORK - 2000	47380.0
Contributor#1634161:Dcamin	BINGHAMTON, NEW YORK - 2000	47380.0
Contributor#5478189:Detroiterbot	BINGHAMTON, NEW YORK - 2000	47380.0
Contributor#0(72.240.127.42)	BLISSFIELD, MICHIGAN - 2000	3224.0
Contributor#5512121:CapitalBot	BLISSFIELD, MICHIGAN - 2000	3223.0
Contributor#0(152.10.204.57)	BOONE, NORTH CAROLINA - 2000	130472.0
Contributor#3614334:BobTheTomato	BOONE, NORTH CAROLINA - 2000	13472.0
Contributor#5512121:CapitalBot	BOONE, NORTH CAROLINA - 2000	13472.0
Contributor#0(151.203.56.53)	BOSTON, MASSACHUSETTS - 2005	576638.0
Contributor#0(67.183.153.10)	BOSTON, MASSACHUSETTS - 2005	600000.0
Contributor#0(68.169.45.201)	BOSTON, MASSACHUSETTS - 2005	596638.0
Contributor#201610:Pentawing	BOSTON, MASSACHUSETTS - 2005	559034.0
Contributor#435516:Blnguyen	BOSTON, MASSACHUSETTS - 2005	596638.0
Contributor#511164:Polaron	BOSTON, MASSACHUSETTS - 2005	577836.0
Contributor#783435:Loodog	BOSTON, MASSACHUSETTS - 2005	559034.0
Contributor#18242:Val42	BOUNTIFUL, UTAH - 2000	41301.0
Contributor#1872141:Canjth	BOUNTIFUL, UTAH - 2000	41301.0
Contributor#0(152.163.100.137)	BOWLING GREEN, KENTUCKY - 2000	49296.0
Contributor#0(66.32.72.132)	BOWLING GREEN, KENTUCKY - 2000	63400.0
Contributor#652495:Thebdj	BOWLING GREEN, KENTUCKY - 2000	49296.0
Contributor#85392:RossUber	BOWLING GREEN, KENTUCKY - 2000	49296.0
Contributor#0(204.184.215.250)	BRANSON, MISSOURI - 2000	4.0
Contributor#2528240:Minderbinder	BRANSON, MISSOURI - 2000	6050.0
Contributor#5512121:CapitalBot	BRANSON, MISSOURI - 2000	6050.0
Contributor#620554:Harpchad	BRANSON, MISSOURI - 2000	6050.0
Contributor#0(209.43.6.202)	BROWNSBURG, INDIANA - 2000	145200.0
Contributor#0(66.92.69.182)	BROWNSBURG, INDIANA - 2000	14520.0
Contributor#5512121:CapitalBot	BROWNSBURG, INDIANA - 2000	14520.0
Contributor#620554:Harpchad	BROWNSBURG, INDIANA - 2000	14520.0
Contributor#0(189.158.56.6)	BROWNSVILLE, TEXAS - 2000	139722.0
Contributor#0(76.228.54.233)	BROWNSVILLE, TEXAS - 2000	578922.0
Contributor#1960810:Nyttend	BROWNSVILLE, TEXAS - 2000	139722.0
Contributor#5512121:CapitalBot	BROWNSVILLE, TEXAS - 2000	139722.0
Contributor#764407:Kuru	BROWNSVILLE, TEXAS - 2000	139722.0
Contributor#0(12.31.22.12)	BUFFALO, NEW YORK - 2000	292648.0
Contributor#0(129.21.153.44)	BUFFALO, NEW YORK - 2000	100.0
Contributor#0(168.169.179.124)	BUFFALO, NEW YORK - 2000	146333.0
Contributor#0(24.190.6.45)	BUFFALO, NEW YORK - 2000	279745.0
Contributor#131603:PAR	BUFFALO, NEW YORK - 2000	292648.0
Contributor#142352:Pbones	BUFFALO, NEW YORK - 2000	282864.0
Contributor#142494:Tommycw1	BUFFALO, NEW YORK - 2000	292648.0
Contributor#480452:Mdd4696	BUFFALO, NEW YORK - 2000	28264.0
Contributor#627347:MJCdetroit	BUFFALO, NEW YORK - 2000	292648.0
Contributor#688829:T22779	BUFFALO, NEW YORK - 2000	282648.0
Contributor#3893857:NoobOfWar	BURLINGTON, WISCONSIN - 2000	10002.0
Contributor#596812:Salmar	BURLINGTON, WISCONSIN - 2000	9949.5
Contributor#0(207.157.116.130)	CALERA, ALABAMA - 2000	8329.0
Contributor#0(69.19.14.34)	CALERA, ALABAMA - 2000	8329.0
Contributor#4373711:ArkyBot	CALERA, ALABAMA - 2000	3158.0
Contributor#98265:Uapyro	CALERA, ALABAMA - 2000	3158.0
Contributor#988917:CapitalR	CALERA, ALABAMA - 2000	3158.0
Contributor#5512121:CapitalBot	CAMBRIDGE, MASSACHUSETTS - 2000	101354.0
Contributor#744515:Superdosh	CAMBRIDGE, MASSACHUSETTS - 2000	101355.0
Contributor#988917:CapitalR	CAMBRIDGE, MASSACHUSETTS - 2000	101354.0
Contributor#0(24.149.194.65)	CAMDEN, NEW JERSEY - 2000	89904.0
Contributor#1681277:LegitimateAndEvenCompelling	CAMDEN, NEW JERSEY - 2000	79904.0
Contributor#627347:MJCdetroit	CAMDEN, NEW JERSEY - 2000	79904.0
Contributor#0(72.171.0.141)	CANTON, TEXAS - 2000	5100.0
Contributor#5512121:CapitalBot	CANTON, TEXAS - 2000	3292.0
Contributor#663372:Ermacrules29	CARSON CITY, NEVADA - 2000	57104.0
Contributor#919557:Jnk	CARSON CITY, NEVADA - 2000	52457.0
Contributor#4435640:Zverzver	CASPER, WYOMING - 2000	70121.5
Contributor#5512121:CapitalBot	CASPER, WYOMING - 2000	49644.0
Contributor#0(67.72.98.107)	CHATTANOOGA, TENNESSEE - 2000	455225.0
Contributor#0(74.167.38.27)	CHATTANOOGA, TENNESSEE - 2000	155554.0
Contributor#31297:ZekeMacNeil	CHATTANOOGA, TENNESSEE - 2000	155554.0
Contributor#0(70.176.187.166)	CHATTANOOGA, TENNESSEE - 2006	155190.0
Contributor#2043601:BillCJ	CHATTANOOGA, TENNESSEE - 2006	168293.0
Contributor#0(65.27.181.168)	CINCINNATI, OHIO - 2005	368868.0
Contributor#0(66.117.238.156)	CINCINNATI, OHIO - 2005	332252.0
Contributor#0(66.238.151.200)	CINCINNATI, OHIO - 2005	308728.0
Contributor#1077355:Tpetross	CINCINNATI, OHIO - 2005	331310.0
Contributor#127255:Bigcheesebebbs	CINCINNATI, OHIO - 2005	306382.0
Contributor#1387875:Seicer	CINCINNATI, OHIO - 2005	368868.0
Contributor#4507892:Cathair	CINCINNATI, OHIO - 2005	308728.0
Contributor#750912:Paultyng	CINCINNATI, OHIO - 2005	368868.0
Contributor#0(216.102.136.4)	CLAIRTON, PENNSYLVANIA - 2000	8491.0
Contributor#2787411:Skeetidot	CLAIRTON, PENNSYLVANIA - 2000	8941.0
Contributor#5478189:Detroiterbot	CLAIRTON, PENNSYLVANIA - 2000	8491.0
Contributor#824876:VerruckteDan	CLAIRTON, PENNSYLVANIA - 2000	8491.0
Contributor#0(71.105.211.42)	CLAREMONT, CALIFORNIA - 2000	33999.0
Contributor#2423841:Kimho	CLAREMONT, CALIFORNIA - 2000	33998.0
Contributor#0(130.13.0.12)	CLEVELAND, OHIO - 2000	372628.0
Contributor#0(71.17.156.29)	CLEVELAND, OHIO - 2000	478404.0
Contributor#0(75.179.37.144)	CLEVELAND, OHIO - 2000	444323.0
Contributor#1948715:Confiteordeo	CLEVELAND, OHIO - 2000	478403.0
Contributor#1960810:Nyttend	CLEVELAND, OHIO - 2000	478403.0
Contributor#627347:MJCdetroit	CLEVELAND, OHIO - 2000	478403.0
Contributor#81676:Beirne	CLEVELAND, OHIO - 2000	478403.0
Contributor#94900:EurekaLott	CLEVELAND, OHIO - 2000	478403.0
Contributor#0(216.114.102.213)	COLUMBIA, ILLINOIS - 2000	176.0
Contributor#2606652:Zeke72791	COLUMBIA, ILLINOIS - 2000	7922.0
Contributor#5478189:Detroiterbot	COLUMBIA, ILLINOIS - 2000	7922.0
Contributor#0(68.150.130.112)	COMPTON, CALIFORNIA - 2000	10000.0
Contributor#0(68.197.243.219)	COMPTON, CALIFORNIA - 2000	123493.0
Contributor#276448:Jlittlet	COMPTON, CALIFORNIA - 2000	93493.0
Contributor#44750:Alison	COMPTON, CALIFORNIA - 2000	93493.0
Contributor#541143:Postoak	COMPTON, CALIFORNIA - 2000	93493.0
Contributor#5512121:CapitalBot	COMPTON, CALIFORNIA - 2000	93493.0
Contributor#0(12.160.193.229)	CONCORD, NEW HAMPSHIRE - 2000	42970.0
Contributor#16168:SatyrTN	CONCORD, NEW HAMPSHIRE - 2000	40687.0
Contributor#201610:Pentawing	CONCORD, NEW HAMPSHIRE - 2000	40687.0
Contributor#5512121:CapitalBot	CONCORD, NEW HAMPSHIRE - 2000	40687.0
Contributor#5512121:CapitalBot	CONVERSE, INDIANA - 2000	1137.0
Contributor#5786424:Footballer101	CONVERSE, INDIANA - 2000	1244.0
Contributor#620554:Harpchad	CONVERSE, INDIANA - 2000	1137.0
Contributor#0(67.189.99.161)	CORNELIUS, OREGON - 2000	10150.0
Contributor#249030:Ajbenj	CORNELIUS, OREGON - 2000	9652.0
Contributor#2300502:R'n'B	CRAWFORDSVILLE, INDIANA - 2000	15243.0
Contributor#5512121:CapitalBot	CRAWFORDSVILLE, INDIANA - 2000	15243.0
Contributor#586015:Huwmanbeing	CRAWFORDSVILLE, INDIANA - 2000	15243.0
Contributor#620554:Harpchad	CRAWFORDSVILLE, INDIANA - 2000	15243.0
Contributor#0(65.4.12.104)	CULLMAN, ALABAMA - 2000	14995.0
Contributor#4373711:ArkyBot	CULLMAN, ALABAMA - 2000	13995.0
Contributor#988917:CapitalR	CULLMAN, ALABAMA - 2000	14995.0
Contributor#0(140.211.69.11)	CULVER, OREGON - 2000	1206.0
Contributor#249030:Ajbenj	CULVER, OREGON - 2000	802.0
Contributor#5512121:CapitalBot	CULVER, OREGON - 2000	802.0
Contributor#759211:Katr67	CULVER, OREGON - 2000	802.0
Contributor#2034347:Orangemonster2k1	CUMBERLAND, MARYLAND - 2000	21591.0
Contributor#5512121:CapitalBot	CUMBERLAND, MARYLAND - 2000	21591.0
Contributor#627347:MJCdetroit	CUMBERLAND, MARYLAND - 2000	21518.0
Contributor#0(74.137.182.86)	DARMSTADT, INDIANA - 2000	4313.0
Contributor#5512121:CapitalBot	DARMSTADT, INDIANA - 2000	4313.0
Contributor#620554:Harpchad	DARMSTADT, INDIANA - 2000	1313.0
Contributor#0(12.216.93.178)	DAVENPORT, IOWA - 2000	98845.0
Contributor#28269:Iowahwyman	DAVENPORT, IOWA - 2000	98359.0
Contributor#0(71.111.121.145)	DAYTON, OREGON - 2000	2230.0
Contributor#249030:Ajbenj	DAYTON, OREGON - 2000	2119.0
Contributor#1035304:Briancua	DEDHAM, MASSACHUSETTS - 2000	23464.0
Contributor#5512121:CapitalBot	DEDHAM, MASSACHUSETTS - 2000	23225.0
Contributor#988917:CapitalR	DEDHAM, MASSACHUSETTS - 2000	23225.0
Contributor#1678199:Fred1	DEKALB, ILLINOIS - 2000	52899.0
Contributor#1784972:Emax0	DEKALB, ILLINOIS - 2000	39018.0
Contributor#511164:Polaron	DEKALB, ILLINOIS - 2000	39018.0
Contributor#5478189:Detroiterbot	DEKALB, ILLINOIS - 2000	39018.0
Contributor#0(67.11.189.230)	DENTON, KANSAS - 2000	2.0
Contributor#4928500:ClueBot	DENTON, KANSAS - 2000	186.0
Contributor#5512121:CapitalBot	DENTON, KANSAS - 2000	186.0
Contributor#0(12.216.80.221)	DES MOINES, IOWA - 2000	298682.0
Contributor#343214:Derek.cashman	DES MOINES, IOWA - 2000	198682.0
Contributor#0(71.54.175.7)	DETROIT, MICHIGAN - 2006	850327.0
Contributor#128792:Wangry	DETROIT, MICHIGAN - 2006	886675.0
Contributor#1551192:ThomasPaine1776	DETROIT, MICHIGAN - 2006	918849.0
Contributor#2850080:Purpledrank2007	DETROIT, MICHIGAN - 2006	900932.0
Contributor#44062:Bkonrad	DETROIT, MICHIGAN - 2006	871121.0
Contributor#466067:Criticalthinker	DETROIT, MICHIGAN - 2006	894985.0
Contributor#627347:MJCdetroit	DETROIT, MICHIGAN - 2006	871121.0
Contributor#783435:Loodog	DETROIT, MICHIGAN - 2006	871121.0
Contributor#249030:Ajbenj	DUNDEE, OREGON - 2000	2598.0
Contributor#2602832:Aboutmovies	DUNDEE, OREGON - 2000	3010.0
Contributor#5512121:CapitalBot	DUNDEE, OREGON - 2000	3010.0
Contributor#0(129.53.219.20)	DUNSTABLE, MASSACHUSETTS - 2000	2826.0
Contributor#5512121:CapitalBot	DUNSTABLE, MASSACHUSETTS - 2000	2829.0
Contributor#988917:CapitalR	DUNSTABLE, MASSACHUSETTS - 2000	2829.0
Contributor#0(24.216.247.10)	EAGLE POINT, OREGON - 2000	7000.0
Contributor#0(4.90.7.211)	EAGLE POINT, OREGON - 2000	7797.0
Contributor#249030:Ajbenj	EAGLE POINT, OREGON - 2000	4797.0
Contributor#2927809:Sallaraine	EAGLE POINT, OREGON - 2000	7213.0
Contributor#5512121:CapitalBot	EAGLE POINT, OREGON - 2000	4797.0
Contributor#759211:Katr67	EAGLE POINT, OREGON - 2000	4797.0
Contributor#3093489:Butwhatdoiknow	EAU CLAIRE, WISCONSIN - 2000	61704.0
Contributor#3120106:Andymarek	EAU CLAIRE, WISCONSIN - 2000	61704.0
Contributor#0(76.211.214.47)	EDINBURG, TEXAS - 2000	64465.0
Contributor#5512121:CapitalBot	EDINBURG, TEXAS - 2000	48465.0
Contributor#1960810:Nyttend	EGG HARBOR, WISCONSIN - 2000	250.0
Contributor#5512121:CapitalBot	EGG HARBOR, WISCONSIN - 2000	1194.0
Contributor#2149144:Richard3000	EL MONTE, CALIFORNIA - 2000	115965.0
Contributor#5512121:CapitalBot	EL MONTE, CALIFORNIA - 2000	115965.0
Contributor#63286:Bumm13	EL MONTE, CALIFORNIA - 2000	0.0
Contributor#2309292:Bartowcounty11	ELLSWORTH, WISCONSIN - 2000	3193.0
Contributor#5512121:CapitalBot	ELLSWORTH, WISCONSIN - 2000	3193.0
Contributor#755125:BrandonSimonson	ELLSWORTH, WISCONSIN - 2000	2909.0
Contributor#5478189:Detroiterbot	ELMIRA, NEW YORK - 2000	30940.0
Contributor#93338:Souldrifter02	ELMIRA, NEW YORK - 2000	30745.25
Contributor#1960810:Nyttend	ETTRICK, WISCONSIN - 2000	521.0
Contributor#5512121:CapitalBot	ETTRICK, WISCONSIN - 2000	1284.0
Contributor#0(74.137.182.86)	EVANSVILLE, INDIANA - 2000	151582.0
Contributor#0(74.137.183.227)	EVANSVILLE, INDIANA - 2000	141582.0
Contributor#0(75.204.206.97)	EVANSVILLE, INDIANA - 2000	4.0
Contributor#1127303:Twintone	EVANSVILLE, INDIANA - 2000	121582.0
Contributor#5512121:CapitalBot	EVANSVILLE, INDIANA - 2000	121582.0
Contributor#5637919:Rhatsa26X	EVANSVILLE, INDIANA - 2000	131582.0
Contributor#605430:Randella	EVANSVILLE, INDIANA - 2000	121582.0
Contributor#840224:Omnedon	EVANSVILLE, INDIANA - 2000	121582.0
Contributor#5512121:CapitalBot	FAIRBURY, NEBRASKA - 2000	4262.0
Contributor#0(67.188.30.245)	FAIRFAX, CALIFORNIA - 2000	7897.5
Contributor#4373711:ArkyBot	FAIRFAX, CALIFORNIA - 2000	7319.0
Contributor#5512121:CapitalBot	FAIRFAX, CALIFORNIA - 2000	7319.0
Contributor#0(24.91.179.97)	FAIRHAVEN, MASSACHUSETTS - 2000	3.0
Contributor#1879647:VoABotII	FAIRHAVEN, MASSACHUSETTS - 2000	16159.0
Contributor#5512121:CapitalBot	FAIRHAVEN, MASSACHUSETTS - 2000	16159.0
Contributor#988917:CapitalR	FAIRHAVEN, MASSACHUSETTS - 2000	16159.0
Contributor#176938:MatthewUND	FARGO, NORTH DAKOTA - 2000	90599.0
Contributor#345020:Malepheasant	FARGO, NORTH DAKOTA - 2000	90599.0
Contributor#4810809:Branden&papi	FARGO, NORTH DAKOTA - 2000	99966.0
Contributor#5512121:CapitalBot	FARGO, NORTH DAKOTA - 2000	90599.0
Contributor#685287:Grejlen	FARGO, NORTH DAKOTA - 2000	90599.0
Contributor#0(205.247.5.97)	FLEMINGTON, MISSOURI - 2000	4171.0
Contributor#0(24.149.149.61)	FLEMINGTON, MISSOURI - 2000	4201.0
Contributor#5512121:CapitalBot	FLEMINGTON, MISSOURI - 2000	124.0
Contributor#0(38.197.36.12)	FLINT, MICHIGAN - 2000	124943.0
Contributor#201610:Pentawing	FLINT, MICHIGAN - 2000	124943.0
Contributor#2783292:Spshu	FLINT, MICHIGAN - 2000	124943.0
Contributor#551240:Blueskiesfalling	FLINT, MICHIGAN - 2000	118551.0
Contributor#0(68.154.148.150)	FOREST ACRES, SOUTH CAROLINA - 2000	10908.0
Contributor#1011141:Jonathanjohnson	FOREST ACRES, SOUTH CAROLINA - 2000	10558.0
Contributor#5512121:CapitalBot	FOREST ACRES, SOUTH CAROLINA - 2000	10908.0
Contributor#249030:Ajbenj	FOREST GROVE, OREGON - 2000	17708.0
Contributor#2602832:Aboutmovies	FOREST GROVE, OREGON - 2000	20380.0
Contributor#1960810:Nyttend	FORESTVILLE, WISCONSIN - 2000	429.0
Contributor#5512121:CapitalBot	FORESTVILLE, WISCONSIN - 2000	1086.0
Contributor#0(74.137.212.50)	FORT BRANCH, INDIANA - 2000	5120.0
Contributor#5512121:CapitalBot	FORT BRANCH, INDIANA - 2000	2320.0
Contributor#620554:Harpchad	FORT BRANCH, INDIANA - 2000	2320.0
Contributor#840224:Omnedon	FORT BRANCH, INDIANA - 2000	2320.0
Contributor#240680:SportsMasterESPN	FORT DODGE, IOWA - 2000	25136.0
Contributor#5512121:CapitalBot	FORT DODGE, IOWA - 2000	25136.0
Contributor#714860:KeithB	FORT DODGE, IOWA - 2000	25136.0
Contributor#152892:RyanGerbil10	FORT MILL, SOUTH CAROLINA - 2000	7587.0
Contributor#5512121:CapitalBot	FORT MILL, SOUTH CAROLINA - 2000	7587.0
Contributor#0(71.161.49.232)	FREDERICKSBURG, VIRGINIA - 2000	6.0
Contributor#275971:Kafziel	FREDERICKSBURG, VIRGINIA - 2000	19279.0
Contributor#5512121:CapitalBot	FREDERICKSBURG, VIRGINIA - 2000	19279.0
Contributor#627347:MJCdetroit	FREDERICKSBURG, VIRGINIA - 2000	19279.0
Contributor#0(67.188.123.40)	FREMONT, CALIFORNIA - 2000	243414.0
Contributor#702573:SevenDays	FREMONT, CALIFORNIA - 2000	203413.0
Contributor#0(67.129.65.64)	GALLUP, NEW MEXICO - 2000	100000.0
Contributor#2272461:Rodan44	GALLUP, NEW MEXICO - 2000	20209.0
Contributor#2278355:KeithD	GALLUP, NEW MEXICO - 2000	20209.0
Contributor#3128017:VincentLextrait	GALLUP, NEW MEXICO - 2000	20209.0
Contributor#5512121:CapitalBot	GALLUP, NEW MEXICO - 2000	20209.0
Contributor#2278184:Eldiablo21	GARY, INDIANA - 2000	0.0
Contributor#509520:Betacommand	GARY, INDIANA - 2000	102746.0
Contributor#5512121:CapitalBot	GARY, INDIANA - 2000	102746.0
Contributor#620554:Harpchad	GARY, INDIANA - 2000	102746.0
Contributor#0(75.49.46.137)	GILROY, CALIFORNIA - 2000	48464.0
Contributor#201007:Will74205	GILROY, CALIFORNIA - 2000	41464.0
Contributor#16175:DJClayworth	GLENS FALLS, NEW YORK - 2000	14354.0
Contributor#2641830:Satanlovesall	GLENS FALLS, NEW YORK - 2000	23.0
Contributor#31797:JB82	GLENS FALLS, NEW YORK - 2000	14354.0
Contributor#5512121:CapitalBot	GLENS FALLS, NEW YORK - 2000	14354.0
Contributor#0(24.105.174.74)	GORHAM, NEW HAMPSHIRE - 2000	1000000.0
Contributor#1175300:KenGallager	GORHAM, NEW HAMPSHIRE - 2000	2895.0
Contributor#16168:SatyrTN	GORHAM, NEW HAMPSHIRE - 2000	2895.0
Contributor#5512121:CapitalBot	GORHAM, NEW HAMPSHIRE - 2000	2895.0
Contributor#5512121:CapitalBot	GRANBY, MASSACHUSETTS - 2000	6132.0
Contributor#696833:Polymath69	GRANBY, MASSACHUSETTS - 2000	6132.0
Contributor#988917:CapitalR	GRANBY, MASSACHUSETTS - 2000	2612.0
Contributor#0(69.148.201.1)	GRAND PRAIRIE, TEXAS - 2000	3.0
Contributor#230058:Therearenospoons	GRAND PRAIRIE, TEXAS - 2000	127427.0
Contributor#2608401:Bigtexaslump	GRAND PRAIRIE, TEXAS - 2000	127427.0
Contributor#5512121:CapitalBot	GRAND PRAIRIE, TEXAS - 2000	127427.0
Contributor#0(143.182.124.4)	GRASS VALLEY, OREGON - 2000	171.0
Contributor#0(70.18.91.118)	GRASS VALLEY, OREGON - 2000	2.0
Contributor#249030:Ajbenj	GRASS VALLEY, OREGON - 2000	171.0
Contributor#5512121:CapitalBot	GRASS VALLEY, OREGON - 2000	171.0
Contributor#0(128.120.172.134)	GREENFIELD, CALIFORNIA - 2000	129150.0
Contributor#4373711:ArkyBot	GREENFIELD, CALIFORNIA - 2000	12583.0
Contributor#5512121:CapitalBot	GREENFIELD, CALIFORNIA - 2000	129150.0
Contributor#16168:SatyrTN	HAMPTON FALLS, NEW HAMPSHIRE - 2000	1880.0
Contributor#5512121:CapitalBot	HAMPTON FALLS, NEW HAMPSHIRE - 2000	1890.0
Contributor#754484:IcelandicHurricane	HAMPTON FALLS, NEW HAMPSHIRE - 2000	1890.0
Contributor#5512121:CapitalBot	HAVRE DE GRACE, MARYLAND - 2000	11331.0
Contributor#824876:VerruckteDan	HAVRE DE GRACE, MARYLAND - 2000	11331.0
Contributor#850615:Special-T	HAVRE DE GRACE, MARYLAND - 2000	11331.0
Contributor#919557:Jnk	HAVRE DE GRACE, MARYLAND - 2000	11331.0
Contributor#100426:Smalljim	HERMOSA BEACH, CALIFORNIA - 2000	18566.0
Contributor#36345:Rmannion	HERMOSA BEACH, CALIFORNIA - 2000	18566.0
Contributor#5512121:CapitalBot	HERMOSA BEACH, CALIFORNIA - 2000	18566.0
Contributor#107782:Arkyan	HEYBURN, IDAHO - 2000	2899.0
Contributor#4373711:ArkyBot	HEYBURN, IDAHO - 2000	1521.5
Contributor#5512121:CapitalBot	HEYBURN, IDAHO - 2000	2899.0
Contributor#5512121:CapitalBot	HOLGATE, OHIO - 2000	1194.0
Contributor#6059350:Marlowwilliams	HOLGATE, OHIO - 2000	87879.0
Contributor#698854:Lcarscad	HOLGATE, OHIO - 2000	1194.0
Contributor#0(24.236.196.121)	HOLLAND, MICHIGAN - 2000	35248.0
Contributor#466067:Criticalthinker	HOLLAND, MICHIGAN - 2000	35048.0
Contributor#5512121:CapitalBot	HOLLAND, MICHIGAN - 2000	35048.0
Contributor#44750:Alison	HOLLISTON, MASSACHUSETTS - 2000	13801.0
Contributor#5512121:CapitalBot	HOLLISTON, MASSACHUSETTS - 2000	13801.0
Contributor#988917:CapitalR	HOLLISTON, MASSACHUSETTS - 2000	13801.0
Contributor#0(67.166.7.5)	HOOT OWL, OKLAHOMA - 2000	10.0
Contributor#5512121:CapitalBot	HOOT OWL, OKLAHOMA - 2000	0.0
Contributor#0(12.40.25.30)	HOUSTON, TEXAS - 2005	2016582.0
Contributor#0(65.133.217.239)	HOUSTON, TEXAS - 2005	2048446.0
Contributor#0(88.111.196.244)	HOUSTON, TEXAS - 2005	1.0
Contributor#1265360:JFreeman	HOUSTON, TEXAS - 2005	2016582.0
Contributor#0(66.252.52.167)	HOWLAND, MAINE - 2000	3.0
Contributor#2922638:Wilochka	HOWLAND, MAINE - 2000	1362.0
Contributor#5512121:CapitalBot	HOWLAND, MAINE - 2000	1362.0
Contributor#0(24.46.104.73)	HUNTINGTON, NEW YORK - 2000	292648.0
Contributor#3371519:TheEdMaster10	HUNTINGTON, NEW YORK - 2000	195289.0
Contributor#5512121:CapitalBot	HUNTINGTON, NEW YORK - 2000	195289.0
Contributor#0(207.160.141.93)	IBERIA, MISSOURI - 2000	6.0
Contributor#5512121:CapitalBot	IBERIA, MISSOURI - 2000	605.0
Contributor#5512121:CapitalBot	IDABEL, OKLAHOMA - 2000	6952.0
Contributor#5716135:Beltownsoldier27	IDABEL, OKLAHOMA - 2000	7158.0
Contributor#0(192.200.129.157)	INDIANAPOLIS, INDIANA - 2000	781926.0
Contributor#0(68.78.15.99)	INDIANAPOLIS, INDIANA - 2000	987785.0
Contributor#0(71.141.132.115)	INDIANAPOLIS, INDIANA - 2000	791926.0
Contributor#0(71.141.135.88)	INDIANAPOLIS, INDIANA - 2000	791926.0
Contributor#0(76.214.106.189)	INDIANAPOLIS, INDIANA - 2000	781870.0
Contributor#145784:Cmprince	INDIANAPOLIS, INDIANA - 2000	791926.0
Contributor#1940813:Kangaroo1	INDIANAPOLIS, INDIANA - 2000	791926.0
Contributor#321035:Marvin01	INDIANAPOLIS, INDIANA - 2000	791926.0
Contributor#3355975:Partyboi59	INDIANAPOLIS, INDIANA - 2000	624110.5
Contributor#3939287:TheHoosierState89	INDIANAPOLIS, INDIANA - 2000	841690.0
Contributor#441605:Gruber76	INDIANAPOLIS, INDIANA - 2000	791926.0
Contributor#51464:Golbez	INDIANAPOLIS, INDIANA - 2000	791926.0
Contributor#0(71.217.214.173)	IOWA CITY, IOWA - 2000	400000.0
Contributor#28269:Iowahwyman	IOWA CITY, IOWA - 2000	62220.0
Contributor#316949:American007	IOWA CITY, IOWA - 2000	62220.0
Contributor#0(204.214.145.6)	IRVING, TEXAS - 2000	201927.0
Contributor#201957:CaseyAbell	IRVING, TEXAS - 2000	191615.0
Contributor#5512121:CapitalBot	IRVING, TEXAS - 2000	191615.0
Contributor#1290842:Tkynerd	JACKSON, MISSISSIPPI - 2000	184256.0
Contributor#2048686:Allstarecho	JACKSON, MISSISSIPPI - 2000	184256.0
Contributor#4414625:Oxymoron83	JACKSON, MISSISSIPPI - 2000	184256.0
Contributor#5240215:DRSAINT	JACKSON, MISSISSIPPI - 2000	1084256.0
Contributor#620554:Harpchad	JACKSON, MISSISSIPPI - 2000	184256.0
Contributor#0(74.196.109.99)	JACKSONVILLE, TEXAS - 2000	15868.0
Contributor#5512121:CapitalBot	JACKSONVILLE, TEXAS - 2000	13868.0
Contributor#0(66.244.123.100)	JASPER, INDIANA - 2000	13100.0
Contributor#2506263:Vikipedialot	JASPER, INDIANA - 2000	12100.0
Contributor#5512121:CapitalBot	JASPER, INDIANA - 2000	12100.0
Contributor#620554:Harpchad	JASPER, INDIANA - 2000	12100.0
Contributor#0(12.207.167.188)	JEFFERSON CITY, MISSOURI - 2000	47714.0
Contributor#2020595:GreyWanderer	JEFFERSON CITY, MISSOURI - 2000	39636.0
Contributor#345020:Malepheasant	JEFFERSON CITY, MISSOURI - 2000	39636.0
Contributor#620554:Harpchad	JEFFERSON CITY, MISSOURI - 2000	39636.0
Contributor#0(208.126.17.110)	JEFFERSON, IOWA - 2000	3.0
Contributor#1960810:Nyttend	JEFFERSON, IOWA - 2000	4626.0
Contributor#5512121:CapitalBot	JEFFERSON, IOWA - 2000	4626.0
Contributor#5713884:Hesar	JEFFERSON, IOWA - 2000	4626.0
Contributor#344062:Dddstone	JESSUP, PENNSYLVANIA - 2000	4718.0
Contributor#606607:Cantalamessa	JESSUP, PENNSYLVANIA - 2000	4768.0
Contributor#627347:MJCdetroit	JESSUP, PENNSYLVANIA - 2000	4718.0
Contributor#0(70.103.54.101)	JOHN DAY, OREGON - 2000	994735.5
Contributor#249030:Ajbenj	JOHN DAY, OREGON - 2000	1821.0
Contributor#5512121:CapitalBot	JOHN DAY, OREGON - 2000	1821.0
Contributor#0(99.245.234.154)	KIRYAS JOEL, NEW YORK - 2000	20071.0
Contributor#163732:DanielCase	KIRYAS JOEL, NEW YORK - 2000	13138.0
Contributor#0(24.250.96.206)	KNOXVILLE, TENNESSEE - 2000	3890.0
Contributor#0(68.52.204.60)	KNOXVILLE, TENNESSEE - 2000	390180.0
Contributor#2595574:Foetusized	KNOXVILLE, TENNESSEE - 2000	173890.0
Contributor#31297:ZekeMacNeil	KNOXVILLE, TENNESSEE - 2000	173890.0
Contributor#3580310:Greswik	KNOXVILLE, TENNESSEE - 2000	180130.0
Contributor#92632:Huntster	KNOXVILLE, TENNESSEE - 2000	173890.0
Contributor#937705:Iridescent	KNOXVILLE, TENNESSEE - 2000	173890.0
Contributor#95756:Orlady	KNOXVILLE, TENNESSEE - 2000	180130.0
Contributor#0(64.9.41.75)	KUTZTOWN, PENNSYLVANIA - 2000	7707.0
Contributor#344062:Dddstone	KUTZTOWN, PENNSYLVANIA - 2000	5067.0
Contributor#1626445:Sleepycat5	LA CROSSE, WISCONSIN - 2000	51818.0
Contributor#1642389:MJHankel	LA CROSSE, WISCONSIN - 2000	51818.0
Contributor#2594650:Loggerfan04	LA CROSSE, WISCONSIN - 2000	53818.0
Contributor#4244211:Mbchlg414	LA CROSSE, WISCONSIN - 2000	51818.0
Contributor#337761:Seeninator	LA MIRADA, CALIFORNIA - 2000	50093.0
Contributor#36345:Rmannion	LA MIRADA, CALIFORNIA - 2000	46783.0
Contributor#0(71.102.5.38)	LA QUINTA, CALIFORNIA - 2000	36528.0
Contributor#1410067:MatthewPeters	LA QUINTA, CALIFORNIA - 2000	23694.0
Contributor#5512121:CapitalBot	LA QUINTA, CALIFORNIA - 2000	23694.0
Contributor#737021:WillBeback	LA QUINTA, CALIFORNIA - 2000	23694.0
Contributor#118414:WideArc	LAFAYETTE, INDIANA - 2000	56397.0
Contributor#1420827:Nowimnthing	LAFAYETTE, INDIANA - 2000	56397.0
Contributor#0(68.121.244.83)	LAKE FOREST, CALIFORNIA - 2000	1000707.0
Contributor#266416:Gwernol	LAKE FOREST, CALIFORNIA - 2000	58707.0
Contributor#702573:SevenDays	LAKE FOREST, CALIFORNIA - 2000	58707.0
Contributor#0(208.71.204.65)	LAKE OSWEGO, OREGON - 2000	36073.0
Contributor#1955864:Esprqii	LAKE OSWEGO, OREGON - 2000	35278.0
Contributor#5512121:CapitalBot	LAKE OSWEGO, OREGON - 2000	35278.0
Contributor#919557:Jnk	LAKE OSWEGO, OREGON - 2000	35278.0
Contributor#0(199.168.7.243)	LANCASTER, CALIFORNIA - 2000	143818.0
Contributor#368827:MikeDillon	LANCASTER, CALIFORNIA - 2000	118718.0
Contributor#5512121:CapitalBot	LANCASTER, CALIFORNIA - 2000	143818.0
Contributor#0(130.13.1.15)	LANSING, MICHIGAN - 2000	313390.0
Contributor#0(69.222.54.35)	LANSING, MICHIGAN - 2000	287482.0
Contributor#201610:Pentawing	LANSING, MICHIGAN - 2000	119128.0
Contributor#441605:Gruber76	LANSING, MICHIGAN - 2000	119128.0
Contributor#5512121:CapitalBot	LANSING, MICHIGAN - 2000	119128.0
Contributor#0(128.186.159.200)	LAWRENCE, KANSAS - 2000	80068.0
Contributor#5512121:CapitalBot	LAWRENCE, KANSAS - 2000	80098.0
Contributor#88149:ESkog	LAWRENCE, KANSAS - 2000	80098.0
Contributor#89326:Swid	LAWRENCE, KANSAS - 2000	80098.0
Contributor#1879566:Bongwarrior	LEBANON, VIRGINIA - 2000	3273.0
Contributor#302756:Mbr7975	LEBANON, VIRGINIA - 2000	3273.0
Contributor#4860680:Willisilly	LEBANON, VIRGINIA - 2000	9785.0
Contributor#5512121:CapitalBot	LEBANON, VIRGINIA - 2000	3273.0
Contributor#0(169.244.70.147)	LEWISTON, MAINE - 2000	954072.0
Contributor#201610:Pentawing	LEWISTON, MAINE - 2000	35690.0
Contributor#2076003:Ripogenus77	LEWISTON, MAINE - 2000	35690.0
Contributor#3922229:Hmwith	LIMA, OHIO - 2000	40081.0
Contributor#5512121:CapitalBot	LIMA, OHIO - 2000	40081.0
Contributor#107782:Arkyan	LINCOLN PARK, MICHIGAN - 2000	44008.0
Contributor#5512121:CapitalBot	LINCOLN PARK, MICHIGAN - 2000	40008.0
Contributor#835:Rmhermen	LINCOLN PARK, MICHIGAN - 2000	40008.0
Contributor#0(130.13.0.68)	LINCOLN, NEBRASKA - 2000	241167.0
Contributor#0(70.176.187.166)	LINCOLN, NEBRASKA - 2000	241167.0
Contributor#3250936:Miranda	LINCOLN, NEBRASKA - 2000	225581.0
Contributor#3315180:Someguy1221	LINCOLN, NEBRASKA - 2000	225581.0
Contributor#89326:Swid	LINCOLN, NEBRASKA - 2000	225581.0
Contributor#1074454:Andymmmkay	LITTLE CHUTE, WISCONSIN - 2000	10965.0
Contributor#5512121:CapitalBot	LITTLE CHUTE, WISCONSIN - 2000	10476.0
Contributor#0(64.12.116.8)	LITTLE ROCK, ARKANSAS - 2000	183833.0
Contributor#0(64.66.106.114)	LITTLE ROCK, ARKANSAS - 2000	14.0
Contributor#620554:Harpchad	LITTLE ROCK, ARKANSAS - 2000	183133.0
Contributor#5512121:CapitalBot	MADISON, MISSISSIPPI - 2000	14692.0
Contributor#5814735:SuzannaLeslie	MADISON, MISSISSIPPI - 2000	16930.0
Contributor#0(71.82.221.183)	MADISON, WISCONSIN - 2000	208054.0
Contributor#1008507:Coffeezombie	MADISON, WISCONSIN - 2000	221551.0
Contributor#136748:Dhartung	MADISON, WISCONSIN - 2000	208054.0
Contributor#1970499:Diamonte	MADISON, WISCONSIN - 2000	221551.0
Contributor#0(140.211.130.60)	MALIN, OREGON - 2000	638000.0
Contributor#249030:Ajbenj	MALIN, OREGON - 2000	638.0
Contributor#5512121:CapitalBot	MALIN, OREGON - 2000	638.0
Contributor#759211:Katr67	MALIN, OREGON - 2000	638.0
Contributor#1175300:KenGallager	MANCHESTER, NEW HAMPSHIRE - 2000	109691.0
Contributor#16168:SatyrTN	MANCHESTER, NEW HAMPSHIRE - 2000	109691.0
Contributor#1645217:Iambecker1	MANCHESTER, NEW HAMPSHIRE - 2000	109691.0
Contributor#201610:Pentawing	MANCHESTER, NEW HAMPSHIRE - 2000	107006.0
Contributor#5512121:CapitalBot	MANCHESTER, NEW HAMPSHIRE - 2000	109691.0
Contributor#0(67.181.7.85)	MANTECA, CALIFORNIA - 2000	49254.0
Contributor#60132:Armaced	MANTECA, CALIFORNIA - 2000	49258.0
Contributor#82432:Discospinster	MANTECA, CALIFORNIA - 2000	49258.0
Contributor#1283289:Pascal.Tesson	MARBLEHEAD, MASSACHUSETTS - 2000	20377.0
Contributor#5512121:CapitalBot	MARBLEHEAD, MASSACHUSETTS - 2000	20377.0
Contributor#988917:CapitalR	MARBLEHEAD, MASSACHUSETTS - 2000	20377.0
Contributor#0(71.86.227.238)	MARQUETTE, MICHIGAN - 2000	20714.0
Contributor#276590:Unsognomodesto	MARQUETTE, MICHIGAN - 2000	19661.0
Contributor#466067:Criticalthinker	MARQUETTE, MICHIGAN - 2000	19661.0
Contributor#5512121:CapitalBot	MARQUETTE, MICHIGAN - 2000	19661.0
Contributor#0(75.73.92.107)	MARSHALLTOWN, IOWA - 2000	5.0
Contributor#1356011:Arroyjose	MARSHALLTOWN, IOWA - 2000	26009.0
Contributor#5512121:CapitalBot	MARSHALLTOWN, IOWA - 2000	26009.0
Contributor#608951:Shalom	MARSHALLTOWN, IOWA - 2000	26009.0
Contributor#0(24.140.101.198)	MASSILLON, OHIO - 2000	69.0
Contributor#5512121:CapitalBot	MASSILLON, OHIO - 2000	31325.0
Contributor#97951:Bobo192	MASSILLON, OHIO - 2000	31325.0
Contributor#0(216.51.215.225)	MAURICE, IOWA - 2000	1000000.0
Contributor#1960810:Nyttend	MAURICE, IOWA - 2000	254.0
Contributor#5512121:CapitalBot	MAURICE, IOWA - 2000	254.0
Contributor#3225727:Jamesbuddy63	MAUSTON, WISCONSIN - 2000	4253.0
Contributor#5512121:CapitalBot	MAUSTON, WISCONSIN - 2000	3740.0
Contributor#668422:RFD	MAUSTON, WISCONSIN - 2000	3740.0
Contributor#0(66.30.185.73)	MEDFIELD, MASSACHUSETTS - 2000	12639.0
Contributor#3312514:DalmatianMommy	MEDFIELD, MASSACHUSETTS - 2000	12273.0
Contributor#4886531:Westroxburyfool	MEDFIELD, MASSACHUSETTS - 2000	13002.0
Contributor#5512121:CapitalBot	MEDFIELD, MASSACHUSETTS - 2000	13002.0
Contributor#88149:ESkog	MEDFIELD, MASSACHUSETTS - 2000	12273.0
Contributor#1351885:NMChico24	MEDFORD, OREGON - 2000	63154.0
Contributor#1353037:Omicronpersei8	MEDFORD, OREGON - 2000	63154.0
Contributor#1898760:Zippitydoodah143	MEDFORD, OREGON - 2000	90820.66666666669
Contributor#919557:Jnk	MEDFORD, OREGON - 2000	63154.0
Contributor#0(209.80.190.253)	MELROSE, MASSACHUSETTS - 2000	1.0
Contributor#0(66.31.72.63)	MELROSE, MASSACHUSETTS - 2000	13580.5
Contributor#0(66.31.74.210)	MELROSE, MASSACHUSETTS - 2000	271.0
Contributor#0(76.19.20.97)	MELROSE, MASSACHUSETTS - 2000	134.0
Contributor#28804:Ajd	MELROSE, MASSACHUSETTS - 2000	27134.0
Contributor#5512121:CapitalBot	MELROSE, MASSACHUSETTS - 2000	27134.0
Contributor#988917:CapitalR	MELROSE, MASSACHUSETTS - 2000	27134.0
Contributor#0(69.226.109.63)	MERCED, CALIFORNIA - 2000	63894.0
Contributor#1598315:EditCentric	MERCED, CALIFORNIA - 2000	63894.0
Contributor#175037:Schzmo	MERCED, CALIFORNIA - 2000	63893.0
Contributor#5512121:CapitalBot	MERCED, CALIFORNIA - 2000	63894.0
Contributor#0(66.140.36.82)	MERIDIAN, MISSISSIPPI - 2000	639968.0
Contributor#104574:ArkansasTraveler	MERIDIAN, MISSISSIPPI - 2000	39968.0
Contributor#5451838:F-402	MERIDIAN, MISSISSIPPI - 2000	39968.0
Contributor#5512121:CapitalBot	MERIDIAN, MISSISSIPPI - 2000	39968.0
Contributor#44062:Bkonrad	MILAN, MICHIGAN - 2000	4775.0
Contributor#5512121:CapitalBot	MILAN, MICHIGAN - 2000	4775.0
Contributor#0(76.19.53.22)	MILTON, NEW HAMPSHIRE - 2000	23910.0
Contributor#16168:SatyrTN	MILTON, NEW HAMPSHIRE - 2000	3910.0
Contributor#5512121:CapitalBot	MILTON, NEW HAMPSHIRE - 2000	3910.0
Contributor#0(66.73.48.200)	MILWAUKEE, WISCONSIN - 2000	600974.0
Contributor#108312:Schwnj	MILWAUKEE, WISCONSIN - 2000	596974.0
Contributor#292462:SoundGod3	MILWAUKEE, WISCONSIN - 2000	596974.0
Contributor#0(72.131.31.222)	MILWAUKEE, WISCONSIN - 2006	602782.0
Contributor#108312:Schwnj	MILWAUKEE, WISCONSIN - 2006	573378.0
Contributor#5512121:CapitalBot	MILWAUKEE, WISCONSIN - 2006	573378.0
Contributor#4322743:Elcobbola	MINERVA, OHIO - 2000	3934.0
Contributor#5512121:CapitalBot	MINERVA, OHIO - 2000	3934.0
Contributor#107782:Arkyan	MINIDOKA, IDAHO - 2000	129.0
Contributor#4373711:ArkyBot	MINIDOKA, IDAHO - 2000	136.5
Contributor#5512121:CapitalBot	MINIDOKA, IDAHO - 2000	129.0
Contributor#0(12.215.129.86)	MINNEAPOLIS, MINNESOTA - 2000	182618.0
Contributor#199404:RxStrangeLove	MINNEAPOLIS, MINNESOTA - 2000	382618.0
Contributor#343214:Derek.cashman	MINNEAPOLIS, MINNESOTA - 2000	382618.0
Contributor#1910434:Appraiser	MINNETONKA, MINNESOTA - 2000	51390.5
Contributor#5512121:CapitalBot	MINNETONKA, MINNESOTA - 2000	51301.0
Contributor#627347:MJCdetroit	MINNETONKA, MINNESOTA - 2000	51301.0
Contributor#0(76.211.214.47)	MISSION, TEXAS - 2000	62408.0
Contributor#5512121:CapitalBot	MISSION, TEXAS - 2000	45408.0
Contributor#0(66.90.244.107)	MODESTO, CALIFORNIA - 2000	188856.0
Contributor#4375567:Ssmodesto	MODESTO, CALIFORNIA - 2000	207000.0
Contributor#2879631:Donarmado22	MONTAGUE, MICHIGAN - 2000	2150.333333333333
Contributor#5512121:CapitalBot	MONTAGUE, MICHIGAN - 2000	2407.0
Contributor#0(216.152.169.202)	MONTEREY, CALIFORNIA - 2000	29675.0
Contributor#59118:Quarl	MONTEREY, CALIFORNIA - 2000	30641.0
Contributor#626141:Jaybeatle	MONTEREY, CALIFORNIA - 2000	29674.0
Contributor#286968:Epolk	MONTGOMERY, ALABAMA - 2000	200127.0
Contributor#620554:Harpchad	MONTGOMERY, ALABAMA - 2000	201568.0
Contributor#1712183:Kitia	MOSES LAKE, WASHINGTON - 2000	14953.0
Contributor#5512121:CapitalBot	MOSES LAKE, WASHINGTON - 2000	14953.0
Contributor#705172:Sethwoodworth	MOSES LAKE, WASHINGTON - 2000	16000.0
Contributor#0(63.167.26.34)	MOUND CITY, KANSAS - 2000	2.0
Contributor#1960810:Nyttend	MOUND CITY, KANSAS - 2000	821.0
Contributor#5512121:CapitalBot	MOUND CITY, KANSAS - 2000	821.0
Contributor#2309292:Bartowcounty11	MOUNT CARROLL, ILLINOIS - 2000	1704.0
Contributor#410868:Kranardrogin	MOUNT CARROLL, ILLINOIS - 2000	1832.0
Contributor#0(68.51.94.58)	MUNCIE, INDIANA - 2000	65287.0
Contributor#5512121:CapitalBot	MUNCIE, INDIANA - 2000	65287.0
Contributor#620554:Harpchad	MUNCIE, INDIANA - 2000	67430.0
Contributor#0(72.87.177.251)	MURRIETA, CALIFORNIA - 2000	97257.0
Contributor#4373711:ArkyBot	MURRIETA, CALIFORNIA - 2000	44282.0
Contributor#0(216.109.207.62)	MUSKEGON, MICHIGAN - 2000	118952.5
Contributor#5512121:CapitalBot	MUSKEGON, MICHIGAN - 2000	40105.0
Contributor#1380430:Rougher07	MUSKOGEE, OKLAHOMA - 2000	38310.0
Contributor#309299:Cquan	MUSKOGEE, OKLAHOMA - 2000	38310.0
Contributor#4067594:Cheeseifyer	MUSKOGEE, OKLAHOMA - 2000	383100.0
Contributor#5512121:CapitalBot	MUSKOGEE, OKLAHOMA - 2000	38310.0
Contributor#0(74.196.109.99)	NACOGDOCHES, TEXAS - 2000	31921.0
Contributor#5512121:CapitalBot	NACOGDOCHES, TEXAS - 2000	29914.0
Contributor#0(24.61.90.124)	NASHUA, NEW HAMPSHIRE - 2000	86604.5
Contributor#201610:Pentawing	NASHUA, NEW HAMPSHIRE - 2000	86605.0
Contributor#5512121:CapitalBot	NASHUA, NEW HAMPSHIRE - 2000	86605.0
Contributor#0(65.31.99.234)	NEW BERLIN, WISCONSIN - 2000	210210.0
Contributor#5512121:CapitalBot	NEW BERLIN, WISCONSIN - 2000	38220.0
Contributor#919557:Jnk	NEW BERLIN, WISCONSIN - 2000	38220.0
Contributor#0(137.30.252.36)	NEW ORLEANS, LOUISIANA - 2000	484674.0
Contributor#0(199.44.251.2)	NEW ORLEANS, LOUISIANA - 2000	1484674.0
Contributor#0(209.213.220.227)	NEW ORLEANS, LOUISIANA - 2000	273000.0
Contributor#0(219.93.174.194)	NEW ORLEANS, LOUISIANA - 2000	0.0
Contributor#0(67.35.240.160)	NEW ORLEANS, LOUISIANA - 2000	484674.0
Contributor#0(68.89.124.29)	NEW ORLEANS, LOUISIANA - 2000	255000.0
Contributor#0(68.93.99.225)	NEW ORLEANS, LOUISIANA - 2000	262000.0
Contributor#0(70.176.187.166)	NEW ORLEANS, LOUISIANA - 2000	223388.0
Contributor#0(72.148.93.55)	NEW ORLEANS, LOUISIANA - 2000	255553.0
Contributor#0(75.43.58.217)	NEW ORLEANS, LOUISIANA - 2000	484674.0
Contributor#125968:KevinMMarshall	NEW ORLEANS, LOUISIANA - 2000	484674.0
Contributor#2442135:Mikelj	NEW ORLEANS, LOUISIANA - 2000	484674.0
Contributor#2558878:Duece22	NEW ORLEANS, LOUISIANA - 2000	484660.0
Contributor#328964:WilliamGraham	NEW ORLEANS, LOUISIANA - 2000	255000.0
Contributor#343214:Derek.cashman	NEW ORLEANS, LOUISIANA - 2000	484674.0
Contributor#350968:Wbbigtymer	NEW ORLEANS, LOUISIANA - 2000	484674.0
Contributor#395740:ArielGold	NEW ORLEANS, LOUISIANA - 2000	484674.0
Contributor#435516:Blnguyen	NEW ORLEANS, LOUISIANA - 2000	484674.0
Contributor#4444:Infrogmation	NEW ORLEANS, LOUISIANA - 2000	484674.0
Contributor#488078:Aivazovsky	NEW ORLEANS, LOUISIANA - 2000	484674.0
Contributor#5451838:F-402	NEW ORLEANS, LOUISIANA - 2000	484674.0
Contributor#5478189:Detroiterbot	NEW ORLEANS, LOUISIANA - 2000	484674.0
Contributor#547928:GregRM	NEW ORLEANS, LOUISIANA - 2000	484674.0
Contributor#824876:VerruckteDan	NEW ORLEANS, LOUISIANA - 2000	484674.0
Contributor#967235:Theoldanarchist	NEW ORLEANS, LOUISIANA - 2000	484674.0
Contributor#0(129.64.143.32)	NEW SQUARE, NEW YORK - 2000	7830.0
Contributor#5512121:CapitalBot	NEW SQUARE, NEW YORK - 2000	4624.0
Contributor#0(68.175.76.10)	NEWARK, NEW JERSEY - 2000	273215.5
Contributor#0(68.39.174.238)	NEWARK, NEW JERSEY - 2000	280451.0
Contributor#118722:Alansohn	NEWARK, NEW JERSEY - 2000	273546.0
Contributor#3887632:InSpEcTaDeT	NEWARK, NEW JERSEY - 2000	281402.0
Contributor#0(64.12.116.133)	NORFOLK, VIRGINIA - 2000	459403.0
Contributor#0(68.225.85.205)	NORFOLK, VIRGINIA - 2000	290000.0
Contributor#0(74.57.147.75)	NORFOLK, VIRGINIA - 2000	234403.0
Contributor#343214:Derek.cashman	NORFOLK, VIRGINIA - 2000	234403.0
Contributor#4154843:Atradeus	NORFOLK, VIRGINIA - 2000	234403.0
Contributor#52007:UED77	NORFOLK, VIRGINIA - 2000	234403.0
Contributor#5512121:CapitalBot	NORFOLK, VIRGINIA - 2000	234403.0
Contributor#5512121:CapitalBot	NORMAN, OKLAHOMA - 2000	95694.0
Contributor#5854396:Mlion7	NORMAN, OKLAHOMA - 2000	107694.0
Contributor#3477151:Cremepuff222	NORTH READING, MASSACHUSETTS - 2000	13837.0
Contributor#5512121:CapitalBot	NORTH READING, MASSACHUSETTS - 2000	13837.0
Contributor#988917:CapitalR	NORTH READING, MASSACHUSETTS - 2000	13837.0
Contributor#0(70.145.229.162)	NORTH WILKESBORO, NORTH CAROLINA - 2000	5116.0
Contributor#3614334:BobTheTomato	NORTH WILKESBORO, NORTH CAROLINA - 2000	4116.0
Contributor#5512121:CapitalBot	NORTH WILKESBORO, NORTH CAROLINA - 2000	4116.0
Contributor#0(72.159.150.88)	NORTH, SOUTH CAROLINA - 2000	2357.0
Contributor#1011141:Jonathanjohnson	NORTH, SOUTH CAROLINA - 2000	813.0
Contributor#1257855:GogoDodo	NORTH, SOUTH CAROLINA - 2000	813.0
Contributor#5512121:CapitalBot	NORTH, SOUTH CAROLINA - 2000	813.0
Contributor#3651456:Jpeeling	NORWOOD, KENTUCKY - 2000	395.0
Contributor#5512121:CapitalBot	NORWOOD, KENTUCKY - 2000	395.0
Contributor#5891109:RiverRubicon	NORWOOD, KENTUCKY - 2000	325.0
Contributor#0(64.167.164.249)	OCEANSIDE, CALIFORNIA - 2000	173303.0
Contributor#5512121:CapitalBot	OCEANSIDE, CALIFORNIA - 2000	173303.0
Contributor#702573:SevenDays	OCEANSIDE, CALIFORNIA - 2000	161029.0
Contributor#0(130.13.0.68)	OMAHA, NEBRASKA - 2000	419079.0
Contributor#0(137.48.218.90)	OMAHA, NEBRASKA - 2000	424024.0
Contributor#0(141.246.2.6)	OMAHA, NEBRASKA - 2000	431154.0
Contributor#0(209.244.7.243)	OMAHA, NEBRASKA - 2000	419545.0
Contributor#0(68.107.239.180)	OMAHA, NEBRASKA - 2000	427872.0
Contributor#0(82.95.12.232)	OMAHA, NEBRASKA - 2000	427867.0
Contributor#16824:Freechild	OMAHA, NEBRASKA - 2000	399762.0
Contributor#201610:Pentawing	OMAHA, NEBRASKA - 2000	390007.0
Contributor#3315180:Someguy1221	OMAHA, NEBRASKA - 2000	399762.0
Contributor#4426159:Edporter	OMAHA, NEBRASKA - 2000	427872.0
Contributor#5512121:CapitalBot	OMAHA, NEBRASKA - 2000	399762.0
Contributor#89326:Swid	OMAHA, NEBRASKA - 2000	397323.25
Contributor#0(216.159.16.2)	ONSLOW, IOWA - 2000	123091.0
Contributor#1960810:Nyttend	ONSLOW, IOWA - 2000	223.0
Contributor#5512121:CapitalBot	ONSLOW, IOWA - 2000	223.0
Contributor#5967546:Tomhanksrox	ONSLOW, IOWA - 2000	223098.0
Contributor#328895:Rockero	ONTARIO, CALIFORNIA - 2000	164190.0
Contributor#5512121:CapitalBot	ONTARIO, CALIFORNIA - 2000	170373.0
Contributor#0(66.172.193.225)	ORANGE CITY, IOWA - 2000	115998.0
Contributor#1960810:Nyttend	ORANGE CITY, IOWA - 2000	5582.0
Contributor#5512121:CapitalBot	ORANGE CITY, IOWA - 2000	5582.0
Contributor#0(72.159.150.88)	ORANGEBURG, SOUTH CAROLINA - 2000	1000000.0
Contributor#1011141:Jonathanjohnson	ORANGEBURG, SOUTH CAROLINA - 2000	12765.0
Contributor#112758:Cyrillic	ORANGEBURG, SOUTH CAROLINA - 2000	12765.0
Contributor#5512121:CapitalBot	ORANGEBURG, SOUTH CAROLINA - 2000	12765.0
Contributor#0(76.76.239.2)	PADUCAH, TEXAS - 2000	1497.0
Contributor#5512121:CapitalBot	PADUCAH, TEXAS - 2000	1498.0
Contributor#0(70.234.161.22)	PAMPA, TEXAS - 2000	9.0
Contributor#5512121:CapitalBot	PAMPA, TEXAS - 2000	17887.0
Contributor#107782:Arkyan	PAUL, IDAHO - 2000	998.0
Contributor#4373711:ArkyBot	PAUL, IDAHO - 2000	571.0
Contributor#5512121:CapitalBot	PAUL, IDAHO - 2000	998.0
Contributor#1767231:XxTrillvillexX9	PEARLAND, TEXAS - 2000	79322.0
Contributor#5512121:CapitalBot	PEARLAND, TEXAS - 2000	37640.0
Contributor#0(70.16.214.117)	PELHAM, NEW HAMPSHIRE - 2000	12310.0
Contributor#16168:SatyrTN	PELHAM, NEW HAMPSHIRE - 2000	10914.0
Contributor#5512121:CapitalBot	PELHAM, NEW HAMPSHIRE - 2000	10914.0
Contributor#1960810:Nyttend	PEPIN, WISCONSIN - 2000	878.0
Contributor#5512121:CapitalBot	PEPIN, WISCONSIN - 2000	580.0
Contributor#0(69.62.64.36)	PERRYTON, TEXAS - 2000	45.0
Contributor#5318505:Harland1	PERRYTON, TEXAS - 2000	7774.0
Contributor#5512121:CapitalBot	PERRYTON, TEXAS - 2000	7774.0
Contributor#0(75.67.236.186)	PETERBOROUGH, NEW HAMPSHIRE - 2000	67893.0
Contributor#16168:SatyrTN	PETERBOROUGH, NEW HAMPSHIRE - 2000	5883.0
Contributor#5512121:CapitalBot	PETERBOROUGH, NEW HAMPSHIRE - 2000	5883.0
Contributor#3341541:StampCollector26750	PIEDMONT, WEST VIRGINIA - 2000	1094.0
Contributor#422817:Caponer	PIEDMONT, WEST VIRGINIA - 2000	1014.0
Contributor#5512121:CapitalBot	PIEDMONT, WEST VIRGINIA - 2000	1094.0
Contributor#170608:Netdragon	PITTSBURGH, PENNSYLVANIA - 2000	334563.0
Contributor#443981:Williecostello	PITTSBURGH, PENNSYLVANIA - 2000	334569.0
Contributor#180524:Scm83x	PLANO, TEXAS - 2000	222030.0
Contributor#1941369:SineWave	PLANO, TEXAS - 2000	222030.0
Contributor#5512121:CapitalBot	PLANO, TEXAS - 2000	222030.0
Contributor#1129062:Dbzsamuele	PLEASANTON, CALIFORNIA - 2000	74000.0
Contributor#1611304:Czj	PLEASANTON, CALIFORNIA - 2000	63654.0
Contributor#702573:SevenDays	PLEASANTON, CALIFORNIA - 2000	63654.0
Contributor#0(63.164.213.80)	POLO, ILLINOIS - 2000	2476.0
Contributor#410868:Kranardrogin	POLO, ILLINOIS - 2000	2477.0
Contributor#0(74.32.17.172)	PORT JERVIS, NEW YORK - 2000	9000.0
Contributor#163732:DanielCase	PORT JERVIS, NEW YORK - 2000	8860.0
Contributor#5512121:CapitalBot	PORT JERVIS, NEW YORK - 2000	9000.0
Contributor#0(24.25.168.132)	PORTLAND, MAINE - 2000	323249.0
Contributor#0(24.39.51.197)	PORTLAND, MAINE - 2000	64249.0
Contributor#201610:Pentawing	PORTLAND, MAINE - 2000	64250.0
Contributor#5512121:CapitalBot	PORTLAND, MAINE - 2000	64249.0
Contributor#343214:Derek.cashman	PORTLAND, OREGON - 2000	533832.5
Contributor#0(72.131.12.98)	RACINE, WISCONSIN - 2000	81855.0
Contributor#137600:BaronLarf	RACINE, WISCONSIN - 2000	81855.0
Contributor#3352258:Aaronbrown0	RALEIGH, NORTH CAROLINA - 2000	367995.0
Contributor#5512121:CapitalBot	RALEIGH, NORTH CAROLINA - 2000	276093.0
Contributor#0(165.234.100.88)	RAY, NORTH DAKOTA - 2000	3.0
Contributor#176938:MatthewUND	RAY, NORTH DAKOTA - 2000	534.0
Contributor#5512121:CapitalBot	RAY, NORTH DAKOTA - 2000	534.0
Contributor#0(71.243.192.111)	REEDLEY, CALIFORNIA - 2000	22877.0
Contributor#0(71.243.200.24)	REEDLEY, CALIFORNIA - 2000	24909.0
Contributor#4373711:ArkyBot	REEDLEY, CALIFORNIA - 2000	20756.0
Contributor#0(69.19.138.32)	REEDSPORT, OREGON - 2000	54378.0
Contributor#249030:Ajbenj	REEDSPORT, OREGON - 2000	4378.0
Contributor#5512121:CapitalBot	REEDSPORT, OREGON - 2000	4378.0
Contributor#759211:Katr67	REEDSPORT, OREGON - 2000	4378.0
Contributor#0(69.227.142.114)	RENO, NEVADA - 2000	210255.0
Contributor#5512121:CapitalBot	RENO, NEVADA - 2000	180480.0
Contributor#0(24.19.192.210)	RENTON, WASHINGTON - 2000	78290.0
Contributor#168201:Admrboltz	RENTON, WASHINGTON - 2000	50052.0
Contributor#5512121:CapitalBot	RENTON, WASHINGTON - 2000	50052.0
Contributor#0(130.13.1.15)	ROCHESTER, NEW YORK - 2000	207448.0
Contributor#0(72.226.228.220)	ROCHESTER, NEW YORK - 2000	215432.0
Contributor#1224916:Bkessler23	ROCHESTER, NEW YORK - 2000	219773.0
Contributor#201610:Pentawing	ROCHESTER, NEW YORK - 2000	219773.0
Contributor#0(72.204.70.91)	ROGERS, ARKANSAS - 2000	48453.0
Contributor#5512121:CapitalBot	ROGERS, ARKANSAS - 2000	48453.0
Contributor#620554:Harpchad	ROGERS, ARKANSAS - 2000	38829.0
Contributor#0(70.145.229.162)	RONDA, NORTH CAROLINA - 2000	560.0
Contributor#5512121:CapitalBot	RONDA, NORTH CAROLINA - 2000	460.0
Contributor#0(207.144.122.253)	ROSMAN, NORTH CAROLINA - 2000	69.0
Contributor#104025:Acntx	ROSMAN, NORTH CAROLINA - 2000	490.0
Contributor#4928500:ClueBot	ROSMAN, NORTH CAROLINA - 2000	490.0
Contributor#5512121:CapitalBot	ROSMAN, NORTH CAROLINA - 2000	490.0
Contributor#5580119:Scullymulder1234	ROSMAN, NORTH CAROLINA - 2000	666.0
Contributor#0(64.190.21.226)	ROWE, MASSACHUSETTS - 2000	351.0
Contributor#5512121:CapitalBot	ROWE, MASSACHUSETTS - 2000	351.0
Contributor#988917:CapitalR	ROWE, MASSACHUSETTS - 2000	351.0
Contributor#0(69.68.65.58)	ROXBORO, NORTH CAROLINA - 2000	8755.0
Contributor#5512121:CapitalBot	ROXBORO, NORTH CAROLINA - 2000	8696.0
Contributor#107782:Arkyan	RUPERT, IDAHO - 2000	5645.0
Contributor#4373711:ArkyBot	RUPERT, IDAHO - 2000	2894.5
Contributor#5512121:CapitalBot	RUPERT, IDAHO - 2000	5645.0
Contributor#0(74.196.109.99)	RUSK, TEXAS - 2000	5191.0
Contributor#5512121:CapitalBot	RUSK, TEXAS - 2000	5085.0
Contributor#182902:Zzyzx11	SACRAMENTO, CALIFORNIA - 2000	407018.0
Contributor#488054:Pinoy916	SACRAMENTO, CALIFORNIA - 2000	460000.0
Contributor#0(68.61.179.118)	SAGINAW, MICHIGAN - 2000	61800.0
Contributor#1314539:CrazyElk	SAGINAW, MICHIGAN - 2000	61799.0
Contributor#276590:Unsognomodesto	SAGINAW, MICHIGAN - 2000	61799.0
Contributor#5512121:CapitalBot	SAGINAW, MICHIGAN - 2000	61799.0
Contributor#0(63.245.159.134)	SALINA, KANSAS - 2000	93679.0
Contributor#2854419:Snowfire51	SALINA, KANSAS - 2000	45679.0
Contributor#5512121:CapitalBot	SALINA, KANSAS - 2000	45679.0
Contributor#0(71.97.178.229)	SALINE, MICHIGAN - 2000	6034.0
Contributor#5512121:CapitalBot	SALINE, MICHIGAN - 2000	8034.0
Contributor#0(71.200.98.244)	SALISBURY, MARYLAND - 2000	25743.0
Contributor#158008:Boothy443	SALISBURY, MARYLAND - 2000	25743.0
Contributor#5512121:CapitalBot	SALISBURY, MARYLAND - 2000	25743.0
Contributor#919557:Jnk	SALISBURY, MARYLAND - 2000	23743.0
Contributor#0(75.117.117.215)	SALISBURY, NEW HAMPSHIRE - 2000	1337.0
Contributor#16168:SatyrTN	SALISBURY, NEW HAMPSHIRE - 2000	1140.0
Contributor#5512121:CapitalBot	SALISBURY, NEW HAMPSHIRE - 2000	1143.0
Contributor#236191:Nihiltres	SALLISAW, OKLAHOMA - 2000	7989.0
Contributor#5512121:CapitalBot	SALLISAW, OKLAHOMA - 2000	7989.0
Contributor#5767572:Arghh69	SALLISAW, OKLAHOMA - 2000	79895.0
Contributor#0(200.122.126.67)	SALT LAKE CITY, UTAH - 2000	276130.0
Contributor#117873:Bobrulz	SALT LAKE CITY, UTAH - 2000	181743.0
Contributor#5396204:Overshift	SALT LAKE CITY, UTAH - 2000	178858.0
Contributor#5453781:Trixareforkids1328	SALT LAKE CITY, UTAH - 2000	178858.0
Contributor#5512121:CapitalBot	SALT LAKE CITY, UTAH - 2000	178858.0
Contributor#627347:MJCdetroit	SALT LAKE CITY, UTAH - 2000	181743.0
Contributor#5512121:CapitalBot	SAN JUAN CAPISTRANO, CALIFORNIA - 2000	33826.0
Contributor#603177:Can'tsleep,clownwilleatme	SAN JUAN CAPISTRANO, CALIFORNIA - 2000	33826.0
Contributor#702573:SevenDays	SAN JUAN CAPISTRANO, CALIFORNIA - 2000	33826.0
Contributor#1649753:CollegeWatch	SANTA MONICA, CALIFORNIA - 2000	96000.0
Contributor#276590:Unsognomodesto	SANTA MONICA, CALIFORNIA - 2000	84084.0
Contributor#241822:Gurch	SARTELL, MINNESOTA - 2000	9641.0
Contributor#298920:Daveswagon	SARTELL, MINNESOTA - 2000	9641.0
Contributor#4268901:Who3	SARTELL, MINNESOTA - 2000	0.0
Contributor#5512121:CapitalBot	SARTELL, MINNESOTA - 2000	9641.0
Contributor#0(207.75.210.192)	SAULT STE. MARIE, MICHIGAN - 2000	2.0
Contributor#0(69.208.247.59)	SAULT STE. MARIE, MICHIGAN - 2000	16542.0
Contributor#1452191:Blah3	SAULT STE. MARIE, MICHIGAN - 2000	16542.0
Contributor#146291:Oilers5	SAULT STE. MARIE, MICHIGAN - 2000	14318.0
Contributor#44062:Bkonrad	SAULT STE. MARIE, MICHIGAN - 2000	16542.0
Contributor#1396565:RyguyMN	SAVAGE, MINNESOTA - 2000	21115.0
Contributor#298922:Davumaya	SAVAGE, MINNESOTA - 2000	25065.0
Contributor#5512121:CapitalBot	SAVAGE, MINNESOTA - 2000	21115.0
Contributor#5478189:Detroiterbot	SCHAUMBURG, ILLINOIS - 2000	75386.0
Contributor#655669:Fumo7887	SCHAUMBURG, ILLINOIS - 2000	73345.0
Contributor#725352:Andyross	SCHAUMBURG, ILLINOIS - 2000	75386.0
Contributor#0(72.70.223.53)	SCRANTON, PENNSYLVANIA - 2000	76499.0
Contributor#1657874:Trezjr	SCRANTON, PENNSYLVANIA - 2000	76415.0
Contributor#325157:Ruhrfisch	SCRANTON, PENNSYLVANIA - 2000	76415.0
Contributor#489839:Swerdnaneb	SCRANTON, PENNSYLVANIA - 2000	76415.0
Contributor#620554:Harpchad	SCRANTON, PENNSYLVANIA - 2000	76415.0
Contributor#1124563:Drinibot	SEABROOK, NEW HAMPSHIRE - 2000	7934.0
Contributor#16168:SatyrTN	SEABROOK, NEW HAMPSHIRE - 2000	7979.0
Contributor#3089883:Felch78	SEABROOK, NEW HAMPSHIRE - 2000	8038.0
Contributor#5512121:CapitalBot	SEABROOK, NEW HAMPSHIRE - 2000	7979.0
Contributor#0(71.202.167.86)	SHANIKO, OREGON - 2000	8.0
Contributor#249030:Ajbenj	SHANIKO, OREGON - 2000	26.0
Contributor#288266:ScottMainwaring	SHANIKO, OREGON - 2000	26.0
Contributor#5512121:CapitalBot	SHANIKO, OREGON - 2000	26.0
Contributor#3619587:Greatryry	SHEBOYGAN FALLS, WISCONSIN - 2000	37250.0
Contributor#5478189:Detroiterbot	SHEBOYGAN FALLS, WISCONSIN - 2000	6772.0
Contributor#249030:Ajbenj	SHERWOOD, OREGON - 2000	11791.0
Contributor#82835:RichFarmbrough	SHERWOOD, OREGON - 2000	16115.0
Contributor#0(74.226.202.234)	SIX MILE, SOUTH CAROLINA - 2000	35276.5
Contributor#5512121:CapitalBot	SIX MILE, SOUTH CAROLINA - 2000	553.0
Contributor#0(142.151.138.102)	SMITH VILLAGE, OKLAHOMA - 2000	40000.0
Contributor#5512121:CapitalBot	SMITH VILLAGE, OKLAHOMA - 2000	40.0
Contributor#0(71.70.197.27)	SMITHFIELD, NORTH CAROLINA - 2000	11890.5
Contributor#0(75.200.175.14)	SMITHFIELD, NORTH CAROLINA - 2000	22.0
Contributor#1636730:Utilaa	SMITHFIELD, NORTH CAROLINA - 2000	11510.0
Contributor#4928500:ClueBot	SMITHFIELD, NORTH CAROLINA - 2000	22.0
Contributor#5512121:CapitalBot	SMITHFIELD, NORTH CAROLINA - 2000	11510.0
Contributor#2038467:Msrodgers81	SOUTHAVEN, MISSISSIPPI - 2000	31868.5
Contributor#2073766:Lrgjr72	SOUTHAVEN, MISSISSIPPI - 2000	38840.0
Contributor#0(71.244.56.17)	SPARTA, TENNESSEE - 2000	300.0
Contributor#143106:Danthemankhan	SPARTA, TENNESSEE - 2000	4599.0
Contributor#5512121:CapitalBot	SPARTA, TENNESSEE - 2000	4599.0
Contributor#0(66.103.10.21)	SPRINGFIELD, MASSACHUSETTS - 2000	154082.0
Contributor#201610:Pentawing	SPRINGFIELD, MASSACHUSETTS - 2000	152082.0
Contributor#5512121:CapitalBot	SPRINGFIELD, MASSACHUSETTS - 2000	154082.0
Contributor#0(209.81.117.50)	SQUAW LAKE, MINNESOTA - 2000	1015.0
Contributor#3573589:Wenli	SQUAW LAKE, MINNESOTA - 2000	99.0
Contributor#5512121:CapitalBot	SQUAW LAKE, MINNESOTA - 2000	99.0
Contributor#0(156.99.211.221)	ST. CLOUD, MINNESOTA - 2000	2.0
Contributor#298920:Daveswagon	ST. CLOUD, MINNESOTA - 2000	59107.0
Contributor#322606:Ravedave	ST. CLOUD, MINNESOTA - 2000	59107.0
Contributor#0(129.130.203.16)	ST. GEORGE, KANSAS - 2000	43460.0
Contributor#1960810:Nyttend	ST. GEORGE, KANSAS - 2000	434.0
Contributor#5512121:CapitalBot	ST. GEORGE, KANSAS - 2000	434.0
Contributor#0(208.190.211.252)	ST. LOUIS, MISSOURI - 2005	352572.0
Contributor#0(69.153.247.36)	ST. LOUIS, MISSOURI - 2005	390705.0
Contributor#0(70.241.195.249)	ST. LOUIS, MISSOURI - 2005	1350705.0
Contributor#1085213:Millbrooky	ST. LOUIS, MISSOURI - 2005	352572.0
Contributor#343214:Derek.cashman	ST. LOUIS, MISSOURI - 2005	350705.0
Contributor#487916:Ajwebb	ST. LOUIS, MISSOURI - 2005	344362.0
Contributor#57658:Antandrus	ST. LOUIS, MISSOURI - 2005	350705.0
Contributor#722151:Where	ST. LOUIS, MISSOURI - 2005	350705.0
Contributor#739809:Gamer83	ST. LOUIS, MISSOURI - 2005	352572.0
Contributor#0(205.245.14.162)	ST. LOUIS, MISSOURI - 2006	1939146.0
Contributor#0(69.151.14.185)	ST. LOUIS, MISSOURI - 2006	353837.0
Contributor#0(69.152.91.213)	ST. LOUIS, MISSOURI - 2006	973124.0
Contributor#0(70.230.191.226)	ST. LOUIS, MISSOURI - 2006	352572.0
Contributor#0(70.240.132.118)	ST. LOUIS, MISSOURI - 2006	405000.0
Contributor#0(75.105.182.159)	ST. LOUIS, MISSOURI - 2006	354837.0
Contributor#3112254:Katydidit	ST. LOUIS, MISSOURI - 2006	353837.0
Contributor#4373711:ArkyBot	ST. LOUIS, MISSOURI - 2006	353837.0
Contributor#58319:Paedia	ST. LOUIS, MISSOURI - 2006	353837.0
Contributor#0(65.123.80.33)	ST. MARYS, OHIO - 2000	12932.0
Contributor#191095:Prinzwilhelm	ST. MARYS, OHIO - 2000	8342.0
Contributor#2207060:C187	ST. MARYS, OHIO - 2000	29636.0
Contributor#5512121:CapitalBot	ST. MARYS, OHIO - 2000	8342.0
Contributor#171365:MONGO	STERLING, KANSAS - 2000	2642.0
Contributor#1872638:Karlhahn	STERLING, KANSAS - 2000	2642.0
Contributor#4928500:ClueBot	STERLING, KANSAS - 2000	2642.0
Contributor#5512121:CapitalBot	STERLING, KANSAS - 2000	2642.0
Contributor#137796:Fordan	STEUBENVILLE, OHIO - 2000	19015.0
Contributor#1986343:Batman6	STEUBENVILLE, OHIO - 2000	19015.0
Contributor#4450670:Fowar	STEUBENVILLE, OHIO - 2000	1.0
Contributor#5512121:CapitalBot	STEUBENVILLE, OHIO - 2000	19015.0
Contributor#1960810:Nyttend	STOCKHOLM, WISCONSIN - 2000	97.0
Contributor#5512121:CapitalBot	STOCKHOLM, WISCONSIN - 2000	75.0
Contributor#0(204.9.149.3)	STRASBURG, OHIO - 2000	2.0
Contributor#1879647:VoABotII	STRASBURG, OHIO - 2000	2310.0
Contributor#5512121:CapitalBot	STRASBURG, OHIO - 2000	2310.0
Contributor#0(24.214.90.66)	SUMMERVILLE, SOUTH CAROLINA - 2000	42000.0
Contributor#5512121:CapitalBot	SUMMERVILLE, SOUTH CAROLINA - 2000	27752.0
Contributor#4043085:Sweeny2007	SWEENY, TEXAS - 2000	5470.0
Contributor#5512121:CapitalBot	SWEENY, TEXAS - 2000	3624.0
Contributor#862587:Grandpafootsoldier	SWEENY, TEXAS - 2000	3624.0
Contributor#1110469:Brownings	SYLVA, NORTH CAROLINA - 2000	9232.0
Contributor#1737239:Ncmattj	SYLVA, NORTH CAROLINA - 2000	2435.0
Contributor#5512121:CapitalBot	SYLVA, NORTH CAROLINA - 2000	2435.0
Contributor#0(70.41.47.45)	TALLAHASSEE, FLORIDA - 2000	150.0
Contributor#124371:KeenanPepper	TALLAHASSEE, FLORIDA - 2000	150624.0
Contributor#343214:Derek.cashman	TALLAHASSEE, FLORIDA - 2000	150624.0
Contributor#0(216.49.115.23)	TELL CITY, INDIANA - 2000	5000.0
Contributor#321035:Marvin01	TELL CITY, INDIANA - 2000	7845.0
Contributor#4928500:ClueBot	TELL CITY, INDIANA - 2000	7845.0
Contributor#5512121:CapitalBot	TELL CITY, INDIANA - 2000	7845.0
Contributor#0(68.160.37.126)	TERRE HAUTE, INDIANA - 2000	59614.0
Contributor#475776:Westsidepb	TERRE HAUTE, INDIANA - 2000	60614.0
Contributor#5512121:CapitalBot	TERRE HAUTE, INDIANA - 2000	59614.0
Contributor#0(76.235.199.214)	THREE OAKS, MICHIGAN - 2000	16.0
Contributor#451766:Prodego	THREE OAKS, MICHIGAN - 2000	1829.0
Contributor#5512121:CapitalBot	THREE OAKS, MICHIGAN - 2000	1829.0
Contributor#347689:EngineerBob	TORRANCE, CALIFORNIA - 2000	137946.0
Contributor#5512121:CapitalBot	TORRANCE, CALIFORNIA - 2000	137946.0
Contributor#63286:Bumm13	TORRANCE, CALIFORNIA - 2000	0.0
Contributor#0(164.116.206.111)	TREECE, KANSAS - 2000	1.0
Contributor#2551516:Blottoadrift	TREECE, KANSAS - 2000	149.0
Contributor#5512121:CapitalBot	TREECE, KANSAS - 2000	149.0
Contributor#2918459:ElCartero	TROUTDALE, VIRGINIA - 2000	194.0
Contributor#5512121:CapitalBot	TROUTDALE, VIRGINIA - 2000	1230.0
Contributor#0(216.79.147.254)	TUPELO, MISSISSIPPI - 2000	36000.0
Contributor#0(72.147.247.16)	TUPELO, MISSISSIPPI - 2000	35930.0
Contributor#0(74.227.33.192)	TUPELO, MISSISSIPPI - 2000	35276.75
Contributor#0(76.22.128.8)	TUPELO, MISSISSIPPI - 2000	35930.0
Contributor#0(76.22.133.58)	TUPELO, MISSISSIPPI - 2000	38605.0
Contributor#104574:ArkansasTraveler	TUPELO, MISSISSIPPI - 2000	34211.0
Contributor#393711:Tyrenius	TUPELO, MISSISSIPPI - 2000	38605.0
Contributor#5512121:CapitalBot	TUPELO, MISSISSIPPI - 2000	35930.0
Contributor#0(209.175.177.100)	URBANA, ILLINOIS - 2000	37362.0
Contributor#457618:J-beda	URBANA, ILLINOIS - 2000	36395.0
Contributor#0(198.40.41.250)	UTICA, NEW YORK - 2000	60653.0
Contributor#185406:SpokaneWilly	UTICA, NEW YORK - 2000	60651.0
Contributor#266817:Cornellrockey	UTICA, NEW YORK - 2000	60651.0
Contributor#5512121:CapitalBot	UTICA, NEW YORK - 2000	60651.0
Contributor#0(209.244.43.27)	VALLEJO, CALIFORNIA - 2000	125900.0
Contributor#355013:Geopgeop	VALLEJO, CALIFORNIA - 2000	116760.0
Contributor#0(69.123.15.210)	VALLEY STREAM, NEW YORK - 2000	47081.5
Contributor#2255048:Jim.henderson	VALLEY STREAM, NEW YORK - 2000	36368.0
Contributor#627347:MJCdetroit	VALLEY STREAM, NEW YORK - 2000	36368.0
Contributor#0(66.140.36.82)	VICKSBURG, MISSISSIPPI - 2000	1126407.0
Contributor#104574:ArkansasTraveler	VICKSBURG, MISSISSIPPI - 2000	26407.0
Contributor#260361:Lastexpofan	VICKSBURG, MISSISSIPPI - 2000	26407.0
Contributor#5512121:CapitalBot	VICKSBURG, MISSISSIPPI - 2000	26407.0
Contributor#0(75.84.224.132)	VILLA PARK, CALIFORNIA - 2000	6335.0
Contributor#279943:NormantheWise	VILLA PARK, CALIFORNIA - 2000	5999.0
Contributor#4879465:Faithlessthewonderboy	VILLA PARK, CALIFORNIA - 2000	5999.0
Contributor#5512121:CapitalBot	VILLA PARK, CALIFORNIA - 2000	5999.0
Contributor#0(209.222.131.36)	VINCENNES, INDIANA - 2000	209350.5
Contributor#321035:Marvin01	VINCENNES, INDIANA - 2000	18701.0
Contributor#5512121:CapitalBot	VINCENNES, INDIANA - 2000	18701.0
Contributor#0(80.89.82.11)	VINCENT, IOWA - 2000	15800.0
Contributor#5512121:CapitalBot	VINCENT, IOWA - 2000	158.0
Contributor#622881:Onorem	VINCENT, IOWA - 2000	158.0
Contributor#1432370:Kablammo	VIRGINIA BEACH, VIRGINIA - 2000	425257.0
Contributor#194622:Ryoung122	VIRGINIA BEACH, VIRGINIA - 2000	438619.0
Contributor#343214:Derek.cashman	VIRGINIA BEACH, VIRGINIA - 2000	425257.0
Contributor#0(75.142.10.147)	WAKEFIELD, KANSAS - 2000	38.0
Contributor#4928500:ClueBot	WAKEFIELD, KANSAS - 2000	838.0
Contributor#5512121:CapitalBot	WAKEFIELD, KANSAS - 2000	838.0
Contributor#4373711:ArkyBot	WALKER, MICHIGAN - 2000	4801.0
Contributor#5512121:CapitalBot	WALKER, MICHIGAN - 2000	21842.0
Contributor#1960810:Nyttend	WASHBURN, WISCONSIN - 2000	2280.0
Contributor#5512121:CapitalBot	WASHBURN, WISCONSIN - 2000	2280.0
Contributor#6054353:Brycendanke	WASHBURN, WISCONSIN - 2000	151280.0
Contributor#0(144.118.55.165)	WELLS, WISCONSIN - 2000	729.0
Contributor#1151671:CumulusClouds	WELLS, WISCONSIN - 2000	529.0
Contributor#5512121:CapitalBot	WELLS, WISCONSIN - 2000	529.0
Contributor#0(4.242.108.25)	WENATCHEE, WASHINGTON - 2000	35437.0
Contributor#5512121:CapitalBot	WENATCHEE, WASHINGTON - 2000	35437.0
Contributor#5823:Lennon	WENATCHEE, WASHINGTON - 2000	27856.0
Contributor#0(24.149.187.109)	WHITE PLAINS, NEW YORK - 2000	4.0
Contributor#0(68.34.159.178)	WHITE PLAINS, NEW YORK - 2000	53077.0
Contributor#1603415:Maturelife1	WHITE PLAINS, NEW YORK - 2000	53007.0
Contributor#5512121:CapitalBot	WHITE PLAINS, NEW YORK - 2000	53077.0
Contributor#0(72.67.138.76)	WILLIAMSBURG, VIRGINIA - 2000	10000.0
Contributor#343214:Derek.cashman	WILLIAMSBURG, VIRGINIA - 2000	11998.0
Contributor#37169:Vaoverland	WILLIAMSBURG, VIRGINIA - 2000	11998.0
Contributor#5512121:CapitalBot	WILLIAMSBURG, VIRGINIA - 2000	11998.0
Contributor#0(128.118.53.12)	WILLMAR, MINNESOTA - 2000	18351.0
Contributor#5512121:CapitalBot	WILLMAR, MINNESOTA - 2000	18351.0
Contributor#4315335:Macpops	WILMINGTON, NORTH CAROLINA - 2000	100000.0
Contributor#5512121:CapitalBot	WILMINGTON, NORTH CAROLINA - 2000	75838.0
Contributor#0(198.236.13.36)	WILSONVILLE, OREGON - 2000	16885.0
Contributor#249030:Ajbenj	WILSONVILLE, OREGON - 2000	13991.0
Contributor#2812062:RB972	WILSONVILLE, OREGON - 2000	13991.0
Contributor#5512121:CapitalBot	WILSONVILLE, OREGON - 2000	13991.0
Contributor#759211:Katr67	WILSONVILLE, OREGON - 2000	13991.0
Contributor#0(199.17.57.65)	WINONA, MINNESOTA - 2000	270069.0
Contributor#0(24.118.193.64)	WINONA, MINNESOTA - 2000	27069.0
Contributor#36500:Musicmonkey26	WINONA, MINNESOTA - 2000	27069.0
Contributor#5512121:CapitalBot	WINONA, MINNESOTA - 2000	27069.0
Contributor#1878530:Lt1	WINSLOW, MAINE - 2000	7743.0
Contributor#2530149:Acalamari	WINSLOW, MAINE - 2000	7743.0
Contributor#5512121:CapitalBot	WINSLOW, MAINE - 2000	7743.0
Contributor#5697104:Winslowgurl713	WINSLOW, MAINE - 2000	1200.0
Contributor#0(201.37.169.136)	WINSTON-SALEM, NORTH CAROLINA - 2000	185776.0
Contributor#983562:Gooday.1	WINSTON-SALEM, NORTH CAROLINA - 2000	194517.5
Contributor#0(69.15.102.132)	WINTER PARK, COLORADO - 2000	363.5
Contributor#600657:Stanthejeep	WINTER PARK, COLORADO - 2000	662.0
Contributor#0(76.17.201.227)	WOODBURY, MINNESOTA - 2000	57730.0
Contributor#1910434:Appraiser	WOODBURY, MINNESOTA - 2000	46463.0
Contributor#5512121:CapitalBot	WOODBURY, MINNESOTA - 2000	46463.0
Contributor#0(71.124.216.154)	YARMOUTH, MASSACHUSETTS - 2000	1.0
Contributor#4131122:Caltas	YARMOUTH, MASSACHUSETTS - 2000	24807.0
Contributor#5512121:CapitalBot	YARMOUTH, MASSACHUSETTS - 2000	24807.0
Contributor#988917:CapitalR	YARMOUTH, MASSACHUSETTS - 2000	24807.0
Contributor#0(71.98.105.119)	ZILLAH, WASHINGTON - 2000	2198.0
Contributor#2259147:Parodygm	ZILLAH, WASHINGTON - 2000	2198.0
Contributor#5512121:CapitalBot	ZILLAH, WASHINGTON - 2000	2198.0
